code,name,currency,population,capital,continent,area,1960,1961,1962,1963,1964,1965,1966,1967,1968,1969,1970,1971,1972,1973,1974,1975,1976,1977,1978,1979,1980,1981,1982,1983,1984,1985,1986,1987,1988,1989,1990,1991,1992,1993,1994,1995,1996,1997,1998,1999,2000,2001,2002,2003,2004,2005,2006,2007,2008,2009,2010,2011,2012,2013,2014,2015,2016,2017,2018,2019,2020,2021
AND,Andorra,EUR,77006,Andorra la Vella,Europe,468.0,,,,,,,,,,,78619206.0850963,89409820.3592814,113408231.944085,150820102.798401,186558696.279204,220127246.376812,227281024.620741,254020153.340635,308008897.569444,411578334.159643,446416105.825017,388958731.302938,375895956.383462,327861832.946636,330070689.298282,346737964.774951,482000594.03588,611316399.407088,721425939.15155,795449332.396346,1029048481.88051,1106928582.86629,1210013651.87713,1007025755.00065,1017549124.33238,1178738991.19295,1223945356.62682,1180597272.72727,1211932397.81713,1239876305.13531,1429049198.45218,1546926174.49664,1755910031.99699,2361726862.30248,2894921777.99851,3159905484.39249,3456442102.622,3952600602.24473,4085630584.44412,3674409558.21061,3449966856.68832,3629203786.19154,3188808942.56713,3193704343.20627,3271808157.30038,2789870187.50693,2896679211.86628,3000180750.11297,3218316013.22626,3155065487.51819,2891022272.98687,3330281523.53915
ARE,United Arab Emirates,AED,9630959,Abu Dhabi,Asia,82880.0,,,,,,,,,,,,,,,,14720672506.5004,19213022691.0526,24871775164.6043,23775831783.4263,31225463217.7582,43598748449.0479,49333424135.1131,46622718605.2847,42803323345.1376,41807954235.903,40603650231.5445,33943612094.7971,36384908744.2114,36275674203.2144,41464995913.9199,50701443748.2975,51552165622.4462,54239171887.769,55625170253.337,59305093979.842,65743666575.8649,73571233996.1863,78839008444.5655,75674336283.1858,84445473110.9598,104337372362.151,103311640571.818,109816201497.617,124346358066.712,147824370319.946,180617467964.602,222116541865.214,257916133424.098,315474615738.598,253547358747.447,289787452661.675,350666058379.85,384610125384.033,400218529747.597,414105366758.911,370275469560.166,369255326235.771,390516804016.501,427049432149.345,417989721734.494,349473015336.939,415021590683.006
AFG,Afghanistan,AFN,37172386,Kabul,Asia,647500.0,537777811.111111,548888895.555556,546666677.777778,751111191.111111,800000044.444444,1006666637.77778,1399999966.66667,1673333417.77778,1373333366.66667,1408888922.22222,1748886595.55556,1831108971.11111,1595555475.55556,1733333264.44444,2155555497.77778,2366666615.55556,2555555566.66667,2953333417.77778,3300000108.88889,3697940409.61098,3641723321.99546,3478787909.09091,,,,,,,,,,,,,,,,,,,,,3854235264.37171,4539500884.0479,5220823684.66085,6226199249.32211,6971379033.26327,9715761649.79443,10249767311.213,12154835707.8987,15633856787.0425,18190410820.6235,20203572959.5023,20564485419.1684,20550582746.8448,19998156214.3988,18019558181.9602,18896352021.94,18418848299.5825,18904490262.913,20143442150.971,14786861638.4535
ATG,Antigua and Barbuda,XCD,96286,St John's,North America,443.0,,,,,,,,,,,,,,,,,,77496753.7037037,87879341.4814815,109079978.888889,131431026.666667,147841734.444444,164369278.888889,182144092.962963,208372846.296296,240923924.814815,290440140.740741,337174861.851852,398637727.777778,438794788.518519,459470370.37037,481707407.407407,499281481.481481,535174074.074074,589429629.62963,577281481.481481,633729629.62963,680618518.518518,727859259.259259,766200000.0,826370370.37037,800481481.481481,814381481.481481,856396296.296296,919729629.62963,1022962962.96296,1157662962.96296,1312759259.25926,1370070370.37037,1228329629.62963,1148700000.0,1137637037.03704,1199948148.14815,1181448148.14815,1249733333.33333,1336692592.59259,1436585185.18519,1467977777.77778,1605944444.44444,1687533333.33333,1370281481.48148,1471125925.92593
ALB,Albania,ALL,2866376,Tirana,Europe,28748.0,,,,,,,,,,,,,,,,,,,,,,,,,1857338011.85488,1897050133.42015,2097326250.0,2080796250.0,2051236250.0,2253090000.0,2028553750.0,1099559027.77778,652174990.837304,1185315468.46295,1880951520.3972,2392764853.42107,3199641335.93751,2258513974.0968,2545964540.88383,3212121650.97755,3480355258.04122,3922100793.5403,4348068242.19512,5611496257.14231,7184685781.51876,8052073539.38058,8896072918.9814,10677324144.4289,12881353507.8539,12044208085.864,11926922828.9911,12890764531.3284,12319830437.3467,12776220507.0162,13228147516.1168,11386850129.8411,11861199830.8396,13019689336.6919,15156432309.8977,15401830754.0773,15131866270.5936,18255787479.1846
ARM,Armenia,AMD,2951776,Yerevan,Asia,29800.0,,,,,,,,,,,,,,,,,,,,,,,,,,,,,,,2256838857.60997,2069870129.87013,1272835453.42634,1201312829.27524,1315158636.67553,1468317435.20148,1596968946.23708,1639492444.76152,1893726437.26462,1845482173.02732,1911563668.85006,2118467913.37873,2376335048.39976,2807061008.69084,3576615240.41616,4900469950.09033,6384451606.1421,9206301700.39619,11662040713.8753,8647936747.98704,9260284937.79781,10142111334.4961,10619320048.5857,11121465767.4067,11609512939.7542,10553337672.9872,10546135160.031,11527458565.7334,12457941907.0333,13619291361.2814,12641697523.2966,13861409968.835
AGO,Angola,AOA,30809762,Luanda,Africa,1246700.0,,,,,,,,,,,,,,,,,,,,,5930503400.96263,5550483035.96497,5550483035.96497,5784341596.36339,6131475065.17815,7553560459.2246,7072063345.58823,8083872012.36631,8769250549.79947,10201099039.4385,11228764963.2353,10603784541.197,8307810973.58848,5768720421.61367,4438321017.39068,5538749259.94714,7526446605.51712,7648377412.83277,6506229607.29432,6152922942.98032,9129594818.60749,8936063723.20121,15285594828.418,17812704825.1957,23552047248.4301,36970918699.2523,52381006892.038,65266452081.386,88538610805.3214,70307166934.3311,81699526880.8079,109436566876.419,124998210652.243,133401582620.494,137244439121.374,87219300384.5072,49840491178.1518,68972769395.6274,77792944471.9494,69309110145.7687,53619073505.1377,67404287260.3199
ARG,Argentina,ARS,44494502,Buenos Aires,South America,2766890.0,,,24450604877.6081,18272123664.4715,25605249381.7597,28344705966.6389,28630474727.9023,24256667553.2569,26436857247.4982,31256284543.6155,31584210365.5447,33293199095.4881,34733000536.2862,52544000116.9037,72436777342.4554,52438647921.9226,51169499892.1722,56781000101.0848,58082870156.329,69252328951.6441,76961923741.0701,78676842366.5529,84307486836.724,103979106777.911,79092001998.032,88416668900.2596,110934442762.694,111106191358.197,126206817196.091,76636898036.4712,141352368714.691,189719984268.485,228788617201.696,236741715015.015,257440000000.0,258031750000.0,272149750000.0,292859000000.0,298948250000.0,283523000000.0,284203750000.0,268696750000.0,97724004251.8602,127586973492.177,164657930452.787,198737095012.282,232557260817.308,287530508430.568,361558037110.419,332976484577.619,423627422092.49,530163281574.658,545982375701.128,552025140252.246,526319673731.638,594749285413.212,557531376217.967,643628665302.155,524819742918.669,447754609218.678,385540224628.292,487227339102.67
ASM,American Samoa,USD,55465,Pago Pago,Oceania,199.0,,,,,,,,,,,,,,,,,,,,,,,,,,,,,,,,,,,,,,,,,,,512000000.0,524000000.0,509000000.0,500000000.0,493000000.0,518000000.0,560000000.0,675000000.0,573000000.0,570000000.0,640000000.0,638000000.0,643000000.0,673000000.0,671000000.0,612000000.0,639000000.0,647000000.0,716000000.0,709000000.0
AUT,Austria,EUR,8847037,Vienna,Europe,83858.0,6592693841.18495,7311749633.36229,7756110210.11966,8374175257.73075,9169983885.71185,9994070615.85997,10887682273.1014,11579431668.9165,12440625312.8685,13582798556.2404,15373005557.0257,17858486066.7474,22059612476.9332,29515467706.796,35189299911.6608,40059206763.056,42959976221.5234,51545758887.6863,62052259073.2493,73937296963.4586,82058912997.2346,71034228443.062,71275287569.5733,72121016546.6524,67985344886.8716,69386774408.0872,99036164939.1618,124168442533.74,133339397080.129,133105805512.22,166463386179.354,173794177961.108,195078126721.763,190379720809.18,203535242741.838,241038283062.645,237250948791.266,212790348404.555,218259904401.956,217259147049.954,197289625479.906,197508773215.323,214394866675.24,262273631180.054,301457562038.541,316092273276.015,336280064332.411,389185571506.052,432051935642.945,401758735822.211,392275107258.667,431685217367.511,409401816050.531,430190979705.962,442584815286.034,381971148530.543,395837353031.499,417261151844.977,454991174096.102,444621176100.548,435225238000.437,480368403893.364
AUS,Australia,AUD,24992369,Canberra,Oceania,7686850.0,18605666927.9875,19681935267.1072,19921603763.0194,21538806137.3054,23799977601.0751,25974913204.1662,27306529286.5942,30441258819.5767,32712509799.5296,36681599283.2344,41331616082.428,45214469705.4541,52042056074.7664,63832158872.5176,88963890935.888,97304383449.406,105066179251.229,110350997935.306,118495375592.15,134898330114.734,149984401114.206,176891907581.563,194037294494.097,177267197005.147,193519289983.699,180633581345.402,182472020145.495,189487824245.633,236153958090.803,299877860109.112,311433628318.584,325986971195.354,325531800353.765,312138139404.16,322809408509.166,368140778140.778,401311077389.985,435614337141.963,399660855999.457,389389647825.542,415851284305.721,379358162498.658,395580786940.142,467497961560.862,614326362213.686,695328522026.763,747906558849.955,854427259166.209,1055642793196.06,928626859078.192,1148610059015.24,1398405797101.45,1546892142709.84,1576380424746.08,1467545212521.8,1350615691821.28,1206535157956.03,1326516328531.56,1428288504767.07,1392227864397.08,1326901059123.21,1552667363236.06
ABW,Aruba,AWG,105845,Oranjestad,North America,193.0,,,,,,,,,,,,,,,,,,,,,,,,,,,405586592.178771,487709497.206704,596648044.692737,695530726.256983,764804469.273743,872067039.106145,958659217.877095,1083240223.46369,1245810055.86592,1320670391.06145,1379888268.15642,1531843575.41899,1665363128.49162,1722905027.93296,1873184357.5419,1896648044.69274,1962011173.18436,2044134078.21229,2254748603.35196,2359776536.31285,2469832402.23464,2677653631.28492,2843016759.77654,2553631284.9162,2453631284.9162,2637988826.81564,2615083798.88268,2727932960.89385,2791061452.51397,2963128491.62011,2983798882.68156,3092178770.94972,3202234636.87151,3368970253.05286,2610038937.56355,3126019399.06492
AZE,Azerbaijan,AZN,9942334,Baku,Asia,86600.0,,,,,,,,,,,,,,,,,,,,,,,,,,,,,,,8858006035.91566,8792365810.5094,446305555.555556,1570000000.0,1193312101.91083,2417355840.03625,3176333837.03359,3962238113.16021,4446368570.6901,4581432038.83495,5272798390.70183,5707720390.8515,6235856819.58445,7276753894.71541,8680370408.05943,13245716099.0057,20982986344.3027,33050343782.7759,48852482960.0779,44291490420.5026,52909294791.9262,65951627200.2026,69683935845.2139,74164435946.4627,75244294275.1498,53074370486.0433,37867518957.1975,40865558912.3867,47112941176.4706,48174235294.1176,42693000000.0,54622176470.5882
BIH,Bosnia and Herzegovina,BAM,3323929,Sarajevo,Europe,51129.0,,,,,,,,,,,,,,,,,,,,,,,,,,,,,,,,,,,1255802469.1358,1866572953.73665,2786045321.63743,3671816504.23851,4116699437.4041,4685733115.46841,5567405605.27555,5800774707.17423,6728771318.57555,8498560877.09175,10157553968.254,11222953328.6704,12864610865.2428,15778767389.7831,19112739364.8892,17613836494.0692,17176781065.8902,18644723860.9709,17226849165.6813,18178503835.4491,18558343304.8433,16211541593.4222,16913330976.7547,18080118186.009,20183510863.0054,20202479537.5193,19950471170.6465,23365361635.2201
BRB,Barbados,BBD,286641,Bridgetown,North America,431.0,,,,,,,,,,,,,,,311809337.473213,402178605.019554,435911268.58968,495097667.929041,552883707.055138,670362452.145379,1012280614.52792,1114204743.20091,1163923830.35847,1236016506.73694,1346890071.09829,1409536120.91682,1547755183.21484,1704370307.76115,1812757917.76463,2006165166.80754,2012131457.26644,2020583702.08323,1957000000.0,2063342117.03873,2151344901.30761,2216974096.35559,2363645403.47039,2498384129.66738,2817083478.34734,2951822204.54432,3059500000.0,3054500000.0,3106500000.0,3209500000.0,3444500000.0,3819500000.0,4217450800.0,4674007450.0,4784925100.0,4465657300.0,4529928300.0,4657699450.0,4610096000.0,4677248300.0,4696344350.0,4724691200.0,4832811750.0,4981588900.0,5097283200.0,5324250000.0,4671800000.0,4843800000.0
BGD,Bangladesh,BDT,161356039,Dhaka,Asia,144000.0,4274893913.49536,4817580183.60155,5081413339.78635,5319458351.16235,5386054619.34987,5906636557.00092,6439687598.32325,7253575399.3215,7483685473.51275,8471006100.95399,8992721809.39332,8751842839.79658,6288245866.66667,8086725729.3407,12512460519.7088,19448348073.4565,10117113333.3333,9651149301.8746,13281767142.8571,15565480321.9448,18138049095.6072,20249694002.448,18525399201.5968,17609048821.5488,18920840000.0,22278423076.9231,21774033333.3333,24298032258.0645,26579005760.2634,28781714763.8909,31598341233.463,30957483949.5798,31708874594.1645,33166519417.9894,33768660882.793,37939748768.6567,46438484107.5795,48244309133.4895,49984559471.3656,51270569883.5275,53369787318.6245,53991289844.3291,54724081490.5102,60158929188.2556,65108544250.0425,69442943089.4309,71819083683.7403,79611888213.148,91631278239.3237,102477791472.39,115279077465.226,128637938711.386,133355749482.478,149990451022.29,172885454931.453,195078678697.23,265236247989.155,293754646182.389,321379023557.462,351238474244.667,373902134700.41,416264942893.326
BEL,Belgium,EUR,11422068,Brussels,Europe,30510.0,11658722590.99,12400145221.595,13264015675.3193,14260017387.0492,15960106680.6732,17371457607.9374,18651883472.4808,19992040788.4593,21376353113.475,23710735894.7022,26706196046.7931,29821661869.912,37209418018.5134,47743801490.3747,56033077879.0389,65678189097.2908,71113882967.6071,82839905458.6382,101246526194.441,116315456796.918,126829314388.191,104730018470.23,92095926187.5331,87184239053.2544,83349530159.1734,86268264148.3796,120018787249.413,149394404105.889,162299103675.261,164221056511.057,205331747947.851,210510999409.333,234781652446.675,224721795708.955,244884129491.198,288025588396.278,279201433224.756,252708051420.839,258528339631.029,258245733221.468,236792460312.471,236746141604.37,258383599375.177,318082528506.588,369214712443.206,385714762230.039,408259840868.823,470922156309.453,517328087920.078,483254171097.812,481420882905.001,523330354138.133,496152879924.727,521791015247.06,535390200131.018,462335574841.484,476062757356.927,502764720556.354,543299066998.902,535830876745.097,525211810652.608,594104177539.525
BFA,Burkina Faso,XOF,19751535,Ouagadougou,Africa,274200.0,330442817.168859,350247237.11684,379567023.340308,394040588.303477,410321618.17137,422916848.424208,433889831.584706,450753993.176448,460442678.217048,478298597.556707,458404330.125096,482411103.787272,578595583.975723,674773518.411839,751133330.591384,939972703.463021,976547163.53387,1131224818.33053,1475583383.37265,1748480982.18517,1928719477.41287,1775842026.4121,1754449845.3012,1600278756.43589,1459880018.54646,1552493068.4254,2036303381.20142,2369834650.08921,2616040645.87263,2615587725.77391,3101300641.87512,3135045684.1006,3356692517.86417,3199536227.94818,1895290623.44033,2379518099.2266,2586550747.09844,2447668984.53131,2804902248.28537,3389566982.51573,2968369991.46729,3190371050.45524,3622350203.94595,4740768355.22974,5451688868.42974,6146352742.03313,6547420133.69942,7625723123.54939,9451436358.96861,9450697335.53565,10109618964.2848,12080296644.0643,12561016091.4673,13444301139.1384,13943016923.9017,11832159275.603,12833363370.174,14106956830.0857,15890065019.7634,16178162030.0694,17933606353.1775,19737615114.3661
BGR,Bulgaria,BGN,7000039,Sofia,Europe,110910.0,,,,,,,,,,,,,,,,,,,,,19839230769.2308,19870000000.0,19342000000.0,16563666666.6667,17594944444.4444,17155421052.6316,20249294117.6471,28101000000.0,22555941176.4706,21988444444.4444,20632090909.0909,10943548387.0968,10350515463.9175,10829710144.9275,9697416974.16974,18983288690.4762,12294204609.3311,11315986087.1633,15030696432.6289,13627325461.1743,13245834314.5104,14183497963.1071,16402846413.0958,21144982397.4144,26157892832.2011,29869284035.3218,34379808888.6039,44432811756.4731,54481376860.3695,52023505367.1714,50682061053.2016,57678241023.818,54300857424.4415,55810138436.4821,57082011260.3446,50781996712.7635,53953897624.4344,59199447421.4924,66363537115.2686,68915875214.6537,70240275010.1964,84056312734.3089
BHR,Bahrain,BHD,1569439,Manama,Asia,665.0,,,,,,,,,,,,,,,,,,,,,3072698328.46909,3467819148.93617,3645744680.85106,3735106382.97872,3905585106.38298,3651861702.12766,3052393617.02128,3392021010.6383,3702393617.02128,3863563829.78723,4229787234.04255,4616223404.25532,4751063829.78723,5200265957.44681,5567553457.44681,5849467819.14894,6101861436.17021,6349202393.61702,6183776595.74468,6621010372.34043,9062898936.17021,8976196808.51064,9593510638.29787,11074813829.7872,13150159574.4681,15968723404.2553,18504760638.2979,21730000000.0,25710904255.3191,22938218085.1064,25713271276.5957,28776595744.6809,30749308510.6383,32539468085.1064,33387712765.9574,31050638297.8723,32234973404.2553,35473776595.7447,37802005319.1489,38653318085.1064,34723357446.8085,38868663031.9149
BDI,Burundi,BIF,11175378,Gitega,Africa,27830.0,195999990.0,202999992.0,213500006.0,232749998.0,260750008.0,158994962.962963,165444571.428571,178297142.857143,183200000.0,190205714.285714,242732571.428571,252842285.714286,246804571.428571,304339839.552146,345263492.063492,420986666.666667,448412753.623188,547535555.555556,610225555.555556,782496666.666667,919726666.666667,969046666.666667,1013222222.22222,1082926304.46477,987143931.166987,1149979285.77347,1201725497.06578,1131466494.01101,1082403219.48787,1113924130.41149,1132101252.51817,1167398478.3459,1083037670.60484,938632612.026359,925030590.153683,1000428393.88528,869033856.317093,972896267.915425,893770806.077641,808077223.365746,870486065.883137,876794723.068586,825394490.159111,784654423.620476,915257323.3961,1117113045.65222,1273375020.26862,1356199364.85882,1611835901.9063,1781455092.07114,2032135246.50004,2235820867.82743,2333341374.89657,2451606684.31708,2705783272.07443,3104003611.42957,2639321161.41102,2712324133.79776,2660123597.70762,2576518846.39,2649671998.86192,2779813489.02447
BEN,Benin,XOF,11485048,Porto-Novo,Africa,112620.0,226195579.35701,235668222.429984,236434906.75427,253927646.475909,269818988.259263,289908720.648622,302925280.773564,306222000.407316,326323097.355964,330748211.459737,333627758.154666,335072975.215766,410331900.950531,504376035.716401,554654786.965107,676870140.341529,698408244.385343,750049739.152238,928843304.783965,1186231265.18417,1405251547.23882,1291119965.11262,1267778489.03079,1095348302.91865,1051133927.00009,1045712703.02696,1336102040.71025,1562412030.34838,1620246187.15171,1502294411.46202,1959965243.76269,1986437859.90346,1695315305.70308,2274557914.07481,1598075932.35432,2169627250.93379,2361116587.86079,2268301537.65128,2455092582.30927,3677394291.51516,3519991326.48464,3666222600.09828,4194342849.46574,5349258334.31914,6190270756.13743,6567654493.50831,7034111651.4964,8169048690.05254,9787735426.00897,9738626993.27696,9535345011.48797,10693321370.036,11141358105.9853,12517845127.6775,13284527850.2632,11388160997.1089,11821065852.1271,12701655845.9612,14262408079.7014,14391686309.033,15651545208.8783,17144918952.4682
BMU,Bermuda,BMD,63968,Hamilton,North America,53.0,84466654.0769119,89249986.6972895,94149985.9669446,96366652.3032171,107566650.633857,114339048.965166,134173373.785653,155102984.627334,150000000.0,164900000.0,186300000.0,211100000.0,235400000.0,269500000.0,312600000.0,345000000.0,386300000.0,447000000.0,475800000.0,517200000.0,613299968.0,739100032.0,785500032.0,889400000.0,985699968.0,1039500032.0,1173500032.0,1296499968.0,1415100032.0,1501500032.0,1592400000.0,1634900000.0,1679900000.0,1820359900.0,1867160100.0,2030750000.0,2695390000.0,2932827000.0,3130748000.0,3324433000.0,3480219000.0,3680483000.0,3937228000.0,4186525000.0,4484703000.0,4868136000.0,6144000000.0,6767000000.0,6980000000.0,6656000000.0,6634526000.0,6312691000.0,6378188000.0,6465756000.0,6413988000.0,6654541000.0,6899911000.0,7142316000.0,7225977000.0,7423465000.0,6887147000.0,7286607000.0
BRN,Brunei,BND,428962,Bandar Seri Begawan,Asia,5770.0,,,,,,114040245.655299,132758395.400497,139030445.576898,160819286.554292,161211289.690318,179080099.307461,197523179.241883,270818555.823521,433092003.579273,1073577085.64159,1168304305.65513,1423061356.64562,1732721160.94122,1941600703.60598,2803780005.51826,4928824957.96749,4366213849.57637,4264252336.4486,3844723142.45149,3782523088.4628,3523612563.06532,2358592817.12134,2754463437.79677,2690717551.18267,2985467979.28524,3520551724.13793,3701667052.55846,4183548189.07305,4105706151.75145,4087337959.93191,4734020036.68689,5115602836.87943,5197332974.13793,4051147227.53346,4600000000.0,6001153306.2645,5601090584.36122,5843329107.56171,6557333084.60567,7872333215.00414,9531402847.87311,11470703002.0769,12247694247.2298,14393099068.5859,10732366286.2643,13707370737.0737,18525319977.7407,19047940300.8963,18093829923.2737,17098342541.4365,12930394937.8137,11400854267.7188,12128104859.1498,13567351175.0315,13469422958.5105,12005825759.223,14006569575.68
BOL,Bolivia,BOB,11353142,Sucre,South America,1098580.0,373879363.595386,406684585.719294,444665186.397102,478805990.083307,539491477.320156,604377104.377104,669191919.191919,755808080.808081,857912457.912458,929629629.62963,1017003367.00337,1095622895.6229,1257615644.97932,1262968515.74213,2100249875.06247,2404697651.17441,2731984007.996,3227436281.85907,3758220889.55522,4421343606.18135,4537487802.50257,5891606684.8883,5594118407.02972,5422656265.83789,6169481549.36239,5377276656.9045,3959379399.62852,4347956337.83337,4597615622.48273,4715978693.56097,4867582597.52327,5343274395.35273,5643893347.00679,5734676631.26304,5981244865.27432,6715220486.21961,7396966618.05857,7925673467.44571,8497545543.63805,8285075837.86388,8397912525.26886,8141537877.06791,7905485146.44351,8082364816.16879,8773451751.5121,9549077918.69677,11451869202.1569,13120183207.6625,16674324661.8681,17339992193.7322,19649631308.1648,23963033429.4364,27084497481.9103,30659338885.6729,32996188017.3661,33000198248.3362,33941126200.0606,37508642165.3366,40287647930.4761,40895322843.7851,36629843805.0216,40408208528.1599
BRA,Brazil,BRL,209469333,Brasilia,South America,8511965.0,17030465539.3906,17275940449.3837,19231747851.5332,23287712878.2002,20963733694.9749,22465522884.0988,28283323733.1114,31086389194.961,33930457425.2613,37171640818.5863,42327664793.6934,48869830901.7878,58434858374.8696,83592275862.9982,109794519727.538,129203555238.827,153168949208.207,176344101401.941,200278646123.581,221338204480.222,237393489892.637,258015174748.648,271314113768.417,189656506321.431,188339974086.58,176123719326.593,215878631802.78,237517984427.806,258816125587.505,347028139590.227,390725626002.866,342609231342.783,328187960871.951,368295778245.09,525369851353.742,769333330411.575,850426432991.742,883206452805.504,863711007313.877,599642075029.835,655448188237.371,559991261406.197,509788814956.855,558229210852.965,669293772178.729,891630177209.99,1107640289661.2,1397084349956.35,1695824565928.67,1667019783635.09,2208871646202.82,2616201578192.25,2465188674415.03,2472806919901.67,2455993625159.37,1802214373741.32,1795700168991.49,2063507864886.88,1916947014067.55,1873274432754.47,1448559976218.19,1608981456325.08
BHS,Bahamas,BSD,385640,Nassau,North America,13940.0,169803921.568627,190098039.215686,212254901.960784,237745098.039216,266666666.666667,300392156.862745,340000000.0,390196078.431373,444901960.784314,528137254.901961,538423153.692615,573400000.0,590900000.0,670900000.0,632400000.0,596200000.0,642100000.0,713000000.0,832400000.0,1139800100.0,1335300000.0,1426500000.0,1578300000.0,1732800000.0,2041100000.0,2320699900.0,2472500000.0,2713999900.0,2817900000.0,3062000000.0,3166000000.0,3111160000.0,3109000000.0,3092000000.0,3259000000.0,3429000000.0,3609000000.0,6332360000.0,6833220000.0,7683870000.0,8076470000.0,8317830000.0,8881160000.0,8870090000.0,9055290000.0,9836200000.0,10167250000.0,10618340000.0,10526000000.0,9981960000.0,10095760000.0,10070450000.0,10720500000.0,10562800000.0,11176100000.0,11861900000.0,11834600000.0,12357600000.0,12755800000.0,13192800000.0,9699500000.0,11208600000.0
BTN,Bhutan,BTN,754394,Thimphu,Asia,47000.0,,,,,,,,,,,,,,,,,,,,,128717410.916031,139150441.30485,141366534.471459,156687192.069307,160459970.536972,163272314.834276,191230747.105472,242770861.58179,272241005.229885,264725206.950092,287658184.003427,240319995.602463,240215763.888889,225998091.177435,258985597.704814,290464801.110083,303435517.922664,352260952.905536,363452787.203102,399268801.672085,424464089.897641,461444513.66815,520849551.532606,604041957.921855,682523857.01677,796938120.181406,874989895.601121,1168308516.63301,1227808790.6733,1234014291.82342,1547991317.81183,1777101316.67756,1781281281.57912,1756215665.09323,1907090813.45906,2003598212.99135,2158972129.00307,2450364928.07302,2446866404.93058,2535657069.05537,2325184481.4277,2539552984.67797
BWA,Botswana,BWP,2254126,Gaborone,Africa,600370.0,30412308.9864012,32902336.644746,35643207.6265246,38091150.566196,41613969.0506064,45790869.7473126,51464435.1464435,58646443.5146444,66248256.6248257,77356914.0788191,96245114.4611949,127456485.120719,164466873.706004,244129088.027662,306033848.417954,355172413.793103,372010119.595216,451603325.415677,590376720.598889,819877300.613497,1060923829.13021,1073861599.13948,1014907254.54016,1172258182.14969,1240796364.75662,1114764007.14811,1392634771.9653,1965274882.36345,2644536804.11244,3083800684.89751,3790567051.86778,3942792837.35655,4146513722.33019,4160086253.1468,4259330999.03151,4730611067.02258,4847752842.78924,5020214747.45261,4790458837.17078,5484257417.17844,5788329609.15755,5489608299.66445,5438857106.73536,7511582173.37724,8957467706.5354,9918907108.09702,9919158482.41085,10567270655.5027,10730763098.9175,10118518637.0561,12637319933.4668,15110716533.5907,13907510005.8897,14271752527.1166,15470059201.6577,13530738157.7648,15082579073.8634,16105182316.3307,17031901441.1765,16695928792.5697,14930072458.5814,17614791265.6824
BLR,Belarus,BYN,9485386,Minsk,Europe,207600.0,,,,,,,,,,,,,,,,,,,,,,,,,,,,,,,21650000000.0,18000000000.0,17037037037.037,16280991735.5372,14932024169.1843,13972676840.918,14756846153.8462,14128408565.7064,15222012660.4232,12138486532.0203,12736856827.9847,12354820143.8849,14594249022.8922,17827791321.3067,23144351851.8519,30207567316.6202,36954312354.3124,45277399813.6067,60763483146.0674,50874078052.2735,57222490768.7143,61757788944.7236,65685102554.8759,75527984234.2342,78813839984.3506,56454734396.5842,47722657820.6675,54726595249.1849,60031262269.3365,64409647193.8044,61371126414.1663,68205380706.6609
BLZ,Belize,BZD,383071,Belmopan,North America,22966.0,28071888.5622288,29964370.7125857,31856922.8615428,33749405.0118998,36193826.1234775,40069930.0699301,44405594.4055944,47379310.3448276,44910179.6407186,47305389.2215569,53233532.9341317,59207317.0731707,66062500.0,78343558.2822086,103216374.269006,118066298.342541,96905829.5964126,117650000.0,136300000.0,151800000.0,197938222.43,196089854.655,182206326.985,192103185.955,214381949.02,212643742.665,231638320.535,281082558.585,320093360.27,369133890.705,549500000.0,599000000.0,693500000.0,751000000.0,771500000.0,818500000.0,851500000.0,868000000.0,914000000.0,975000000.0,1116000000.0,1163000000.0,1233000000.0,1298000000.0,1389500000.0,1461500000.0,1581000000.0,1696000000.0,1729000000.0,1680500000.0,1738500000.0,1819500000.0,1903000000.0,2029500000.0,2138000000.0,2210500000.0,2258500000.0,2286000000.0,2315000000.0,2416500000.0,2080000000.0,2491500000.0
CAN,Canada,CAD,37058856,Ottawa,North America,9984670.0,40461721692.6468,40934952063.9468,42227447631.9159,45029988561.2124,49377522896.703,54515179580.7148,61088384036.6515,65668655501.1254,71829810519.8955,79148411661.6902,87896095320.1263,99271961774.6088,113082820486.918,131321858814.119,160408697341.513,173834029689.343,206575564908.722,211612157028.679,218632867537.477,243072102612.259,273853826548.067,306214863624.99,313506525087.136,340547711781.889,355372558103.621,364756499450.751,377437927311.983,431316742081.448,507354351182.254,565055743243.243,593929550908.468,610328183643.188,592387689252.916,577170761956.438,578139279437.61,604031623433.401,628546387972.131,654986999855.554,634000000000.0,678412196271.118,744773415931.587,738981792355.372,760649334098.005,895540646634.787,1026690238278.25,1173108598778.68,1319264809590.97,1468820407783.26,1552989690721.65,1374625142157.29,1617343367486.26,1793326630174.52,1828366481521.6,1846597421834.98,1805749878439.94,1556508816217.14,1527994741907.43,1649265644244.09,1725329192783.02,1742015045482.31,1645423407568.36,1988336331717.42
COD,DR Congo,CDF,84068091,Kinshasa,Africa,2345410.0,3359404117.64706,3086746857.14286,3779841428.57143,6213185742.57426,2881545272.72727,4043901818.18182,4532660181.81818,3384063371.75792,3909780538.92216,5032434970.05988,4877684910.17964,5594770359.28144,6173712814.37126,7870239461.07784,9596960179.64072,10237343173.6527,9648583224.99212,12344424763.5727,15372608002.3923,15068422236.3663,14394927494.8647,12537821038.2202,13651667371.1676,11006712650.4481,7857729193.20343,7195042616.0071,8095367168.21769,7661625472.57705,8861299976.74158,9021862775.18112,9349764580.41173,9633911368.01541,8227200892.44213,10706246370.9325,5820382232.03468,5643439373.42693,5771454939.62404,6090840548.18784,6217806273.17637,4711259427.27273,19088046305.7971,7438189100.33333,8728038525.14034,8937567059.87754,10297483481.223,11964484667.9102,14451902467.9315,16737071816.38,19788515873.8942,18648373312.4241,21565720044.4634,25839749198.8233,29306235826.3885,32679745297.6453,35909040265.9328,37917704900.0794,37134799974.5225,38019265625.8845,47568210068.5136,51775830725.8441,48716960860.0664,55350968593.0597
CAF,Central African Republic,XAF,4666377,Bangui,Africa,622984.0,112155598.949571,123134584.467673,124482748.937917,129379097.888958,142025069.461676,150574816.300764,157930041.875883,163820538.867947,191767436.956884,188039191.323608,189106554.521277,201450768.367553,230317908.038643,271183061.359635,281398668.160613,378660016.265936,451152449.984411,507298120.68315,610578523.761178,700764892.704831,797048028.773247,694803502.722356,748312283.726758,658679394.907969,637820620.670195,864849765.059664,1122265026.38274,1200991825.95398,1264899368.20165,1233930277.04922,1440711395.67069,1377375030.52921,1411917558.45855,1278781166.72188,851174350.649409,1115389731.79119,1007791186.20106,937741468.029676,967338348.658314,999477510.686632,916777282.651168,932648595.838026,996068183.652841,1142315573.75494,1272360594.5333,1337894284.8516,1461859832.28999,1699811358.87423,1993408071.74888,2067381766.36117,2142591375.85053,2437982839.63072,2510126699.05356,1691544192.38242,1894813504.52945,1695825708.45604,1825018190.85071,2072349794.23301,2220978978.17342,2221301400.72468,2326720920.59223,2516498299.01212
COG,Congo Republic,XAF,5244363,Brazzaville,Africa,342000.0,131731862.568997,151675739.160627,166521239.863281,172233430.871502,185693724.845331,198318063.860835,220613582.369827,237397428.336429,251247458.012189,265040036.059116,274960699.85855,322128019.323561,410669262.897929,541973362.480998,585364635.354748,767102679.018622,754549600.548182,765224030.636552,878771771.29105,1198749665.95066,1705796849.54655,1993512325.92286,2160640566.5396,2097274289.61512,2193581366.40722,2160872541.41887,1849268214.68184,2297753649.27979,2212536313.33492,2389593021.94866,2798746050.58236,2724853507.64996,2933222705.7974,2684323618.40365,1769365438.88526,2116003868.17373,2540697537.70424,2322719101.28455,1949481380.64925,2354772959.06186,3227927697.43665,2796704577.3082,3034251042.07329,3503723244.83607,4656975222.72243,6650001213.82609,8072305415.35484,8782703766.99342,11649858744.3946,9723300390.77733,13148395201.8041,15655384440.3994,17692912613.1633,17958721571.7526,17912908765.9058,11890259136.1098,10219341276.8965,11094822713.3481,13670036996.0023,12750339022.9915,10483151175.8451,13366230219.5352
CHE,Switzerland,CHF,8516543,Bern,Europe,41290.0,9522746719.21614,10712712465.0522,11879982758.5619,13063643795.7884,14480556571.5476,15346741669.7575,16480058704.8531,17740013179.26,18942729779.1,20524886616.4789,,,,,,,,,,,122660905890.076,112339195092.149,115140108850.909,114730757467.486,109547355832.66,111073640470.473,159223703930.18,199403912956.009,215721878630.493,208280848462.62,265763573999.424,268901693863.319,279921425828.474,272237527070.926,301375055202.164,352835806342.495,340103959546.926,294788198856.198,303459014346.806,297873643323.126,279216033870.204,286582672434.226,309301422430.386,362075086507.76,403912891033.374,418284865884.998,441634672196.523,490740715594.802,567267767519.158,554212916092.271,598851028906.58,715888126682.396,686420221557.99,706234937370.968,726537808338.0,694118186379.628,687895460902.713,695200833086.499,725568717468.001,721369112726.724,739913619797.445,800640155387.26
CIV,Ivory Coast,XOF,25069229,Yamoussoukro,Africa,322460.0,546203561.571989,618245639.221382,645284344.684118,761047045.830402,921063266.445521,919771356.426097,1024103034.29198,1082922892.15202,1281281245.67032,1361360157.26999,1455482990.24143,1584128262.08933,1849400599.77558,2508421234.8557,3070151901.06383,3893839190.26806,4662053707.7763,6265067857.86534,7900524897.8644,9142935857.94766,10175615441.8127,8432588483.85263,7567109766.61129,6838185418.53642,6841638714.5454,6977650069.33578,9158302205.36237,10087653189.3287,10255170459.986,9757410614.0812,10795850106.9547,10492628915.4927,11152971316.074,11045759468.9412,8313557450.25213,11000146839.497,18071153890.3932,18047557171.7483,19619653924.2697,18870992455.7304,16577533355.4395,16810536883.7177,18054384023.1093,21251755293.9537,23510577108.2304,24036917016.59,25281414472.9891,28760092034.4723,34078243426.009,33886814907.0346,34936305296.9689,36693712824.8232,36302305578.2487,42760237561.4396,48843008580.3288,45814637971.4745,47964234560.0514,51588158717.5348,58011466450.8643,58539424929.7248,61348579465.1017,70043191477.0454
CHL,Chile,CLP,18729160,Santiago,South America,756950.0,4110000000.0,4609727272.72727,5416272727.27273,5668187500.0,5982347826.08696,6026593750.0,7072641025.64103,7013196078.43137,7167086956.52174,8377093023.25581,9126309734.51328,10884114754.0984,11853817307.6923,16836261173.1844,16210404183.5358,7622217352.34216,10341925249.0421,13962893421.5413,15989933708.1491,21803696985.2349,29036709871.7949,34509878043.5897,25325893205.657,20355959237.2128,19622527479.6913,17702885393.5099,18891048818.7425,22255407684.6999,26040229793.0697,29885685142.9107,33113887818.957,37834793730.3133,45964327558.8836,49297773130.1185,57008425295.8256,73447063319.3034,78574385335.5811,85728899954.449,81995304456.1038,75596103237.1555,78249883995.6255,71517080040.6338,70294892400.0639,76507577234.5965,99079230169.6389,122314960843.922,153840051814.059,172565850839.158,179663403196.985,171412642047.328,217105420016.533,251224856981.294,267175872540.066,277239461340.404,259405202008.001,242496649874.236,249298719723.108,276364933679.626,295402652037.155,278584733103.01,252727193710.018,317058508651.76
CMR,Cameroon,XAF,25216237,Yaounde,Africa,475440.0,614206071.002235,652777613.643638,694247725.537204,718320701.389784,776650126.190072,814083378.458171,851112662.733069,936175404.642829,1046191192.44383,1100551378.55506,1151217146.98569,1236941200.95222,1498252050.17228,1901393216.00149,2157415245.73471,2857037371.05886,2898089929.08573,3394663844.42834,4662851756.59046,5919004206.90706,6674567625.0807,6610937473.20425,6611255018.23915,6870200658.94097,7311937457.41855,8544809794.26305,11857056336.0312,13049658331.1317,12236058143.0406,11012566160.5043,12314482085.0878,11840192674.1246,12071775380.6503,16181813512.4483,8902446188.0456,10864773036.8363,11093539497.029,10789457915.0457,11298144511.6364,11565827385.6884,10566578952.7857,10953485244.4239,12417251815.8801,15970315751.0277,18826215278.057,19509850837.2745,20910513974.6215,23928251333.7444,27715144580.2691,27932971683.4215,27507499709.071,30630912184.7789,30155064574.0734,33728622819.0912,36386546917.6861,32210232911.6626,33814337900.2831,36098550141.5897,39973839064.6084,39670977332.7348,40773241531.2395,45338283344.8175
CHN,China,CNY,1411778724,Beijing,Asia,9596960.0,59716467625.3148,50056868957.6732,47209359005.6057,50706799902.5104,59708343488.5043,70436266146.7219,76720285969.6157,72881631326.6715,70846535055.6503,79705906247.4612,92602973434.0726,99800958648.1436,113687586299.051,138544284708.957,144182133387.722,163431551779.761,153940455341.506,174938098826.569,149540752829.268,178280594413.043,191149211575.0,195866382432.54,205089699858.779,230686747153.257,259946510957.143,309488028132.653,300758100107.246,272972974764.574,312353631207.819,347768051311.741,360857912565.966,383373318083.624,426915712711.146,444731282436.762,564324670005.917,734547898220.508,863746717503.789,961603952951.82,1029043097554.08,1093997267271.06,1211346869605.24,1339395718865.3,1470550015081.55,1660287965662.68,1955347004963.27,2285965892360.54,2752131773355.16,3550342737010.84,4594307032660.79,5101703073086.04,6087163874512.21,7551500124203.36,8532229986993.65,9570406235659.64,10475682920594.5,11061553079876.4,11233276536737.2,12310409370892.8,13894817549374.2,14279937500606.5,14687673892882.0,17734062645371.4
COL,Colombia,COP,49648685,Bogota,South America,1138910.0,4031152976.63904,4540447761.19403,4955543963.36869,4836166666.66667,5973366666.66667,5760761904.7619,5428518518.51852,5825170438.48704,5960212869.12968,6450175213.74923,7198360460.19887,7820380970.53674,8671358732.68486,10315760000.3394,12370029583.6419,13098633901.8673,15341403660.4698,19470960619.1297,23263511958.0509,27940411250.2732,33400735644.0481,36388366869.0309,38968039721.748,38729822781.5997,38253120737.9671,34894411351.983,34942489683.9712,36373307085.0887,39212550050.4223,39540080200.3938,47844090709.9908,49175565911.0655,58418985443.3172,66446804802.5747,81703500846.0364,92507279383.0387,97160109277.8087,106659508271.255,98443739941.1664,86186158684.7685,99886577330.7271,98211749595.5442,97963003804.7851,94641378693.223,117081522349.677,145619193046.094,161618580752.946,206181823187.675,242186949772.533,232397835356.357,286563099757.482,334943877377.472,370921317942.564,382116120909.218,381112110485.385,293481753078.868,282825012368.255,311883730442.045,334198218100.719,323109540251.855,270299984937.97,314464137241.33
CRI,Costa Rica,CRC,4999441,San Jose,North America,51100.0,507513829.994855,490325181.614275,479180824.348506,511902136.809973,542578367.242598,592981162.264151,647305630.188679,699456618.867925,773841494.339623,853630203.773585,984830158.490566,1077152902.29104,1238251695.55388,1528916185.23199,1666544754.09836,1960863465.5776,2412555425.90432,3072427012.83547,3523208809.80163,4035519323.22054,4831447001.16686,2623807074.2948,2606621255.01581,3146770103.81027,3660476458.8718,3919203960.39604,4418983870.96774,4532952047.15628,4614629898.40348,5251025767.47627,5711687786.75989,7196276092.461,8564044017.26908,9582866263.11706,10486784804.7995,11578594259.8675,11678424507.2457,12614602382.2012,13684255946.5765,14254866281.1537,15013629658.6521,15976174336.9721,16578820687.2881,17271760506.9483,18610594846.2083,20040642476.9817,22715540324.3032,26884700345.0342,30801744881.0001,30745712006.5307,37658614803.2775,42762617081.6522,47231651862.8399,50949672205.9168,52016408950.8936,56441917652.9812,58847016044.7363,60516043590.1832,62420165099.7231,64417670082.6127,62158002233.0279,64282438666.739
CUB,Cuba,CUP,11338138,Havana,North America,110860.0,,,,,,,,,,,5693005200.0,6914658400.0,8135150891.92025,9987709650.18094,11405957317.0732,13027415243.9024,13789579902.5579,14206158674.6988,17844705324.6753,19584443287.6712,19912889861.1111,20150254096.3855,20953510235.2941,22204940512.2235,24039383608.4235,22920490774.102,24226574634.0293,25213935012.0819,27458999472.2955,27023468665.8977,28645436569.1489,24316556025.6585,22085858243.2432,22367254864.8649,28448326756.7568,30429803651.2192,25017368700.0,25365908100.0,25736331200.0,28364615200.0,30565400000.0,31682400000.0,33590500000.0,35901200000.0,38203000000.0,42643836100.0,48835925925.9259,54262870370.3704,56302129629.6296,57481481481.4815,59562962962.963,68990000000.0,73141000000.0,77148000000.0,80656000000.0,87133000000.0,91370000000.0,96851000000.0,100050000000.0,103428000000.0,107352000000.0,
CPV,Cabo Verde,CVE,543767,Praia,Africa,4033.0,,,,,,,,,,,,,,,,,,,,,142246875.536716,139468114.599741,140630758.594899,138476239.366792,132019065.033419,137728155.212661,190651207.999511,235253171.841062,264308140.285149,267448513.108168,306891107.262039,319827058.592875,357160985.327413,490417389.682569,406580652.330537,487148993.533109,501979069.274683,490608657.924976,521910560.524868,592416703.058878,539227277.626411,563090641.188898,620507562.099274,813260468.873834,924940272.389544,972241336.910099,1107571017.02452,1513040064.50412,1787968044.494,1697737296.24641,1663913071.40962,1865915544.12445,1741809808.96442,1850470042.43281,1859898513.26858,1596800287.16405,1663008687.09505,1769787215.42141,1966501117.61028,1981845740.70615,1703698676.69742,1936174043.45293
CUW,Curacao,ANG,159849,Willemstad,North America,444.0,,,,,,,,,,,,,,,,,,,,,,,,,,,,,,,,,,,,,,,,,,,,,,,,,,,,2933128491.62011,3024525139.6648,3039944134.07821,3048435754.18994,3042737430.1676,3014748603.35196,3009497206.70391,3020388826.81564,2995185474.86034,2496174748.60335,2699612458.10056
CYP,Cyprus,EUR,1189265,Nicosia,Europe,9250.0,,,,,,,,,,,,,,,,489914760.682807,576090073.715036,734887973.975806,964026512.197839,1288715209.58084,2154311276.94859,2087496373.77964,2159242416.76942,2160364071.19021,2278248953.14058,2430411900.19194,3090734463.27684,3704813885.50548,4278792597.23965,4563482603.5503,5591130217.66965,5770197348.48485,6912150456.32334,6590291048.29211,7425703928.57143,9933133247.08926,10011918444.1656,9547818700.11403,10248617647.0588,10497908306.3646,9985844486.33365,10397897085.6102,11420227884.6154,14547325028.3126,17320552500.0,18433411267.2553,20072786350.5206,23968764029.5647,27844698989.3072,25945391775.4932,25800247911.9714,27642086581.2918,25048659899.7816,23961144906.3621,23226782250.5646,19909190058.804,21046951516.4932,22946726163.5789,25596474964.5725,25944504645.6957,25008448886.3507,28407867534.0035
CZE,Czechia,CZK,10625695,Prague,Europe,78866.0,,,,,,,,,,,,,,,,,,,,,,,,,,,,,,,40728950704.6176,29859921158.8696,34805013229.572,40866748705.1075,47850203856.1751,60147174076.8651,67387788632.9812,62180159376.1239,66807429711.411,65173130995.2212,61828166496.0941,67808032979.5429,82196001050.7474,100090467581.268,119814434353.575,137143471328.274,156264095664.643,190183800884.018,236816485762.988,207434296805.33,209069940963.177,229562733398.948,208857719320.649,211685616592.931,209358834156.329,188033050459.881,196272068576.338,218628940951.675,249000540729.179,252548179964.897,245974558654.043,281777887121.451
DEU,Germany,EUR,82927922,Berlin,Europe,357021.0,,,,,,,,,,,215838448137.658,249985055484.303,299801542047.476,398374021953.897,445303484241.554,490636517211.225,519754453161.411,600498238019.035,740469983446.933,881345176608.686,950290856466.538,800472055387.278,776576439106.956,770684323247.798,725111123634.115,732534887058.198,1046259374943.71,1298176105549.51,1401233225303.49,1398967436804.33,1771671206875.68,1868945197407.19,2131571696931.75,2071323790370.28,2205074123177.05,2585792275146.72,2497244606186.64,2211989623279.95,2238990774702.68,2194945278872.59,1947981991011.77,1945790973803.15,2078484517474.51,2501640388482.35,2814353869359.08,2846864211175.1,2994703642023.53,3425578382921.58,3745264093617.19,3411261212652.34,3399667820000.01,3749314991050.59,3527143188785.16,3733804649549.03,3889093051023.52,3357585719351.56,3469853463945.53,3690849152517.65,3974443355019.6,3888226035921.56,3889668895299.62,4259934911821.64
DJI,Djibouti,DJF,958920,Djibouti,Africa,23000.0,,,,,,,,,,,,,,,,,,,,,,,,,,340989527.967995,,373371738.286415,395794538.630775,409220087.102818,452328087.282876,462421998.525779,478058304.871118,466048469.22986,491689220.744875,497723960.589913,494004647.73437,502675542.001227,514267869.300758,536080148.097299,551230861.856505,572417440.820162,591122039.601398,622044665.515049,666072101.777505,708633194.726566,768873684.032838,847918929.107984,999105339.267729,1049110684.72493,1128611700.3618,1239144501.77525,1353632941.5207,2042817162.85639,2214679081.25658,2424391785.43897,2604955228.70117,2762581334.22612,2913466732.12507,3088853638.56832,3181071153.6622,3482987379.0942
DNK,Denmark,DKK,5797446,Copenhagen,Europe,43094.0,,,,,,,11931739858.7046,13059064374.6287,13505573866.6667,15414902266.6667,17075457600.0,19085731252.4407,23232379951.9376,30730626663.3606,34160444798.1099,40474406216.2821,44575892473.1183,49784338519.4563,60362931853.6249,70366241969.2074,71127528699.9414,61877813965.2413,60412844678.604,60644782176.0525,59105236853.7937,62658568287.3429,88078760103.8191,109414423928.775,115552846616.653,112409222182.704,138247285815.855,139224688814.195,152915654478.885,143195627014.605,156162386724.523,185006881515.065,187632346387.984,173537647058.824,176991934992.837,177965188354.692,164158739097.623,164791442543.375,178635163717.431,218096033517.009,251373002954.382,264467336457.17,282884947702.966,319423424509.066,353361038818.383,321241303699.006,321995279401.502,344003137611.271,327148943812.137,343584391647.927,352993631617.708,302673070846.857,313115929314.339,332121063806.391,356841216410.068,346498737961.635,355222449505.211,398303272764.46
DMA,Dominica,XCD,71625,Roseau,North America,754.0,,,,,,,,,,,,,,,,,,45872947.4074074,57130215.5555556,55017758.8888889,72804653.3333333,82107391.1111111,89527576.6666667,98665191.4814815,109157070.740741,119491932.962963,135161958.518519,151868754.444444,171106184.074074,185137242.962963,201429629.62963,219762962.962963,234059259.259259,245525925.925926,264374074.074074,274522222.222222,292285185.185185,302988888.888889,322411111.111111,331759259.259259,333470370.37037,340203703.703704,333196296.296296,343311111.111111,367200000.0,364255555.555556,390251851.851852,421374074.074074,458188888.888889,489074074.074074,493825925.925926,501025925.925926,485996296.296296,498296296.296296,520207407.407407,540737037.037037,576229629.62963,521551851.851852,554770370.37037,611537037.037037,504214814.814815,554181481.481481
DOM,Dominican Republic,DOP,10627165,Santo Domingo,North America,48730.0,672399700.0,654100200.0,824100000.0,940799900.0,1025599900.0,888100000.0,983900000.0,1034800000.0,1079100000.0,1230500000.0,1485500000.0,1666500000.0,1987400000.0,2344800000.0,2925700000.0,3599200000.0,3951500000.0,4587100000.0,4734400000.0,5498800000.0,6761300000.0,7561300000.0,8267400000.0,9220600000.0,11594000000.0,5044592944.80499,6122198120.02892,5826987099.45901,5374314928.42536,6686593059.93691,7073675544.79021,9824498183.03263,11605382504.0,13081042400.0,14644711384.8202,16637370839.1608,18241691857.3544,20017480054.834,21672231760.6491,22136621337.0889,24305717541.6371,25601765400.5153,27137508656.8522,21403167848.1444,22322395368.0274,35777570135.5225,37879869897.8979,43965420072.4107,48122547177.1881,48261033298.2133,53860175555.9961,58029750745.6495,60681537195.7996,62682163837.347,67179914026.9623,71164825256.6849,75704720189.5607,79997975621.8654,85555378042.8196,88941299733.5018,78844702329.0785,94243453937.4462
DZA,Algeria,DZD,42228429,Algiers,Africa,2381740.0,2723593384.78054,2434727329.809,2001428328.37091,2702960118.28806,2909292864.23204,3136258896.9233,3039834558.74906,3370843065.76735,3852115816.97758,4257218772.15369,4863487492.65763,5077222366.97472,6766766610.86932,8707847924.29022,13210029612.2659,15557934268.4965,17728347374.994,20971901273.271,26364491313.4471,33243422157.6311,42346380830.7708,44348672667.8715,45207088715.6483,48801369800.3675,53698278905.9678,57937868670.1937,63692238160.0493,66746396416.2732,59089067187.3943,55634414465.2104,62048562947.2509,45715614559.7064,48003078388.5401,49945599428.5812,42543178042.4148,41764315330.4366,46941582519.4661,48177612042.1507,48187747528.899,48640653469.3025,54790392746.1939,54744712814.8676,56760355865.0082,67863828412.6882,85332581188.6107,103198223709.439,117027307540.89,134977082623.78,171000699876.747,137211035770.034,161207270185.25,200013052199.2,209058991952.125,209755003250.664,213810024944.464,165979279263.174,160034163871.455,170097014589.134,174910878623.049,171767403748.19,145009181490.62,163044443983.759
ECU,Ecuador,USD,17084357,Quito,South America,283560.0,2069465326.42335,1753850416.75551,1518208221.23969,1824344492.08344,2244146867.90615,2387048255.45173,2429309513.80854,2553596091.82258,2582180794.1855,3112166848.3004,2862504169.99893,2754220263.02528,3185987234.84089,3891755551.94138,6599259420.99605,7731677256.80982,9091924304.83477,11026346589.5011,11922502170.6405,14175166007.5774,17881514682.8784,21810767209.3695,19929853574.6095,17152483214.3536,16912515183.2783,17149094589.9827,15314143988.0621,13945431882.2271,13051886552.3377,13890828707.6493,15239278100.3502,16988535267.6338,18094238119.0595,18938717358.6793,22708673336.6683,24432884442.2211,25226393196.5983,28162053026.5133,27981896948.4742,19645272636.3182,18327764882.4412,24468324000.0,28548945000.0,32432858000.0,36591661000.0,41507085000.0,46802044000.0,51007777000.0,61762635000.0,62519686000.0,69555367000.0,79276664000.0,87924544000.0,95129659000.0,101726331000.0,99290381000.0,99937696000.0,104295862000.0,107562008000.0,108108009000.0,99291124000.0,106165866000.0
EST,Estonia,EUR,1320884,Tallinn,Europe,45226.0,,,,,,,,,,,,,,,,,,,,,,,,,,,,,,,,,,,,4502970889.06373,4786018988.16491,5154420649.23354,5674080542.88575,5756912265.75809,5686579747.53524,6254649538.98487,7367975887.72723,9874013098.46432,12145911801.2422,14106790200.2239,17022870405.2189,22449129482.617,24341678628.9732,19633031397.6104,19523477325.6235,23213994093.4631,23019150071.1867,25115753366.1114,26634083965.0987,22890762090.1508,24072829276.7744,26924385103.0659,30624720196.229,31081901909.2156,31370395572.7658,37191166151.98
EGY,Egypt,EGP,98423595,Cairo,Africa,1001450.0,,,,,,4948667540.41066,5278005611.91453,5605484298.98275,5932242990.65421,6524455205.81114,8042200452.1477,8609283346.08518,9299638055.84281,10098534613.4411,9228963224.60004,11632178868.9171,13315988083.4161,14400806875.9867,14811704063.0685,18020571428.5714,21669908176.3889,22136081081.0811,27655172413.7931,30966239813.7369,33971188991.6147,39053502251.0732,41253507951.3564,40455616653.5742,34980124929.0176,39756299049.9793,42978914311.3504,37387836490.5284,41855986519.4235,46578631452.581,51897983392.6453,60159245060.4541,67629716981.1321,78436578171.0914,84828807556.0803,90710704806.8416,99838543960.0763,96684636118.5984,85146067415.7303,80288461538.4615,78782467532.4675,89600665557.4043,107426086956.522,130437828371.278,162818181818.182,189147005444.646,218983666061.706,235989672977.625,279116666666.667,288434108527.132,305595408895.265,329366576819.407,332441717791.411,235733695652.174,249712999437.254,303080865603.645,365252651278.852,404142766093.053
ERI,Eritrea,ERN,6209262,Asmara,Africa,121320.0,,,,,,,,,,,,,,,,,,,,,,,,,,,,,,,,,477101651.648376,467872714.755603,531688311.688312,578015625.0,693535954.190067,686490090.140141,745526154.93283,688921325.712043,706370815.584416,752368495.512622,729321366.651861,870247703.182758,1109054005.43971,1098425900.74116,1211161879.6748,1317974491.05691,1380188800.0,1856695551.21951,1589515447.15447,2065001626.01626,,,,,,,,,,
ESP,Spain,EUR,46723749,Madrid,Europe,504782.0,12072126075.397,13834300571.4849,16138545209.246,19074913947.7196,21343844643.7341,24756958694.9238,28721062242.1634,31647119228.1982,31475548481.4095,36038711599.541,40992995008.3195,46619420359.2814,59132415221.3306,78639525985.1513,97274006345.5437,114777046376.812,118507184779.905,132449277108.434,160599687500.0,214601955875.062,232766822928.754,202807891511.984,195996754505.528,170951185614.849,172102910370.524,180793463796.477,251321075204.942,318747935588.196,376160409941.437,414757056921.996,536558591250.408,577166174539.632,630916018202.503,525075636030.854,530562634455.347,614609020549.773,642588992512.807,590077272727.273,619214834614.099,634907542858.302,598363313494.903,627830029412.205,708756677088.629,907491523174.116,1069055675273.75,1153715822717.51,1260398977831.76,1474002579820.0,1631863493552.34,1491472923706.64,1422108199783.34,1480710495710.12,1324750738725.0,1355579535912.55,1371820537888.62,1196156971279.69,1233554967011.68,1313245330197.65,1421702715218.04,1394320055129.41,1276962685648.25,1427380681294.55
ETH,Ethiopia,ETB,109224559,Addis Ababa,Africa,1127127.0,,,,,,,,,,,,,,,,,,,,,,7324903188.4058,7707678019.32367,8567890821.25604,8096302367.14976,9480840483.09179,9848600869.56522,10527338647.343,10908935748.7923,11476584879.2271,12175166763.285,13463868357.4879,10492993077.6093,8830712713.90781,6927950564.55657,7663984567.90123,8547939730.62374,8589211390.49612,7818224905.55071,7700833482.00615,8242392103.68061,8231326016.47494,7850809498.16803,8623691300.04079,10131187261.4421,12401139453.9738,15280861834.6024,19707616772.7996,27066912635.2228,32437389116.038,29933790334.3418,31952763089.33,43310721414.0829,47648211133.2183,55612228233.5179,64589334978.8013,74296618481.0882,81770791970.982,84269348327.3454,95912590628.1412,107657734392.446,111271112329.975
FIN,Finland,EUR,5518050,Helsinki,Europe,337030.0,5224102195.52771,5921659485.03284,6340580854.39073,6885920328.66187,7766655085.78588,8589340019.02985,9208524504.87684,9368954010.3132,8823033880.32993,10070766720.5011,11357516987.5425,12527405512.9298,14743186119.8738,19472363466.6252,24848821490.4679,29472623242.2822,31849513771.3494,33499799321.2336,36256160288.8087,44465255686.1548,53645202422.6968,52448332874.07,52797582336.2526,50973526900.0854,52888800949.7428,55875863392.1719,73531550551.255,91594751792.2359,109058990760.483,119012054870.445,141438345513.917,127773856785.767,112532519246.084,89214114708.0254,103299943084.804,134189814814.815,132129174216.93,126912152101.707,134038718291.055,135264083658.688,126019543413.334,129533107311.811,140404460203.138,171652458349.411,197479443979.151,204885494686.381,217089269791.764,256378067752.158,285716311136.719,253497520828.515,249424310816.667,275604356167.316,258290060227.734,271362405890.589,274862826772.156,234534382384.766,240771351298.833,255647979916.471,275708001767.843,268514916972.549,271891788362.647,297301883523.251
FJI,Fiji,FJD,883483,Suva,Oceania,18270.0,112328422.113084,116987784.913739,122906434.957814,129454728.623599,140032741.468329,147084750.031482,150603925.515853,162625885.863484,166952937.135005,182182067.703568,219878482.173564,247749327.721267,316650508.967523,425963359.355326,558589870.903674,684268280.812751,694552411.718837,719533137.126662,829239489.844119,1019743927.24662,1202567359.4132,1235665808.56541,1194122694.12269,1123107276.30285,1177997413.63384,1141123439.66713,1290228616.82408,1177908191.97685,1109976927.91722,1182686577.22645,1337024782.22702,1383843860.1247,1532401862.94079,1636074717.86224,1825763267.53637,1970347720.96992,2128696643.62574,2090184941.46983,1653160861.68714,1936484565.39399,1678239218.26553,1652464201.00149,1833279985.36741,2300453634.34962,2708078476.63012,2980484920.16558,3076305452.86506,3378314599.76402,3523185919.55826,2870624635.68032,3140181443.83633,3779378133.89916,3972012570.53467,4189915666.57616,4857220601.80003,4682546881.15833,4930204219.71304,5353404418.66413,5581371847.61641,5481675173.38011,4477040340.45226,4296304590.01135
FSM,Micronesia,USD,112640,Palikir,Oceania,702.0,,,,,,,,,,,,,,,,,,,,,,,,106500000.0,,,112210000.0,116700000.0,124700000.0,135200000.0,147200000.0,166200000.0,178100000.0,198400000.0,202500000.0,221575300.0,218534700.0,206626300.0,218873100.0,220140500.0,233271800.0,240970900.0,242517200.0,245432900.0,240236000.0,250281900.0,253541900.0,256787200.0,263145100.0,280284600.0,296944100.0,311301600.0,327248700.0,317214400.0,319271200.0,316489900.0,332265200.0,366666800.0,401932300.0,412000000.0,408000000.0,404028900.0
FRO,Faroe Islands,DKK,48497,Torshavn,Europe,1399.0,,,,,,,,,,,,,,,,,,,,,,,,,,,,,,,,,,,,,,,1104748686.72397,1127691293.25421,1067115339.41186,1160270582.01567,1275095950.44777,1501935425.11043,1724758391.61423,1759742533.64238,2017673370.55223,2339015742.96894,2489888389.79228,2296051036.20661,2331786419.1604,2505746270.04675,2427190332.32628,2690116268.71784,2913995545.65702,2573908649.0584,2813286391.25332,2980054218.60092,3188610521.64824,3275706960.14634,3248696901.60652,3649886275.07118
FRA,France,EUR,66987244,Paris,Europe,547030.0,62225478000.8822,67461644222.0352,75607529809.9288,84759195105.8693,94007851047.3678,101537248148.427,110045852177.928,118972977486.207,129785441507.456,141903068680.309,148456359985.827,165966615366.402,203494148244.473,264429876252.21,285552373158.756,360832186018.051,372319038514.067,410279486493.715,506707848837.209,613953129818.07,701288419745.421,615552202776.101,584877732308.614,559869179791.72,530683779929.445,553138414367.061,771470783218.108,934173305685.911,1018847043277.17,1025211803413.53,1269179616913.63,1269276828275.78,1401465923172.24,1322815612694.0,1393982750472.59,1601094756209.75,1605675086549.56,1452884917959.09,1503108739159.44,1493151737698.46,1365639660792.16,1377657339291.34,1501409382971.38,1844544792036.86,2119633181634.37,2196945232435.8,2320536221304.7,2660591246211.77,2930303780828.12,2700887366932.03,2645187882116.67,2865157541994.17,2683671716967.19,2811876903329.03,2855964488590.19,2439188643162.5,2472964344587.17,2595151045197.65,2790956878746.66,2728870246705.88,2639008701648.26,2957879759263.52
GAB,Gabon,XAF,2119275,Libreville,Africa,267667.0,141468978.376811,167637908.489803,182796536.497306,154480244.244369,215679855.271673,226474285.58499,245849781.713541,271543680.280699,294468564.530742,318124701.050461,323802475.477281,381687073.052087,430508357.728441,722780701.133715,1544216003.97013,2157592936.61939,3009409970.8681,2809349074.13823,2389479269.23068,3030251116.39385,4279637933.94656,3862269126.93107,3618007844.43807,3391275731.35952,3561451562.21946,3339914759.38464,3403638193.62328,3281797038.68204,3834503378.34725,4186411457.42938,5952293765.94088,5402919956.93831,5592390848.52647,4378645081.01769,4190819314.02958,4958845906.34769,5694040336.82571,5326816858.99586,4483417119.83928,4662992036.2073,5080483463.99928,5023265365.25169,5335451307.54323,6511903657.44009,7770219479.72648,9582783318.3881,10327598800.6713,12455410055.7483,15571349775.7848,12113699660.6799,14372591916.4792,18210308748.2912,17170465294.0332,17595745653.3676,18203968001.8908,14383107714.0388,14023890620.3384,14929488770.7315,16867326389.8704,16874405460.1955,15314577167.8211,20216843173.9702
GBR,United Kingdom,GBP,66488991,London,Europe,244820.0,73233967692.1028,77741965703.3544,81247564156.8246,86561961812.3249,94407558351.1616,101824755078.991,108572752102.045,113116888210.787,107759910067.889,116464702803.218,130671946244.3,148113896325.14,169965034965.035,192537971582.558,206131369798.971,241756637168.142,232614555256.065,263066457352.172,335883029721.956,438994070309.191,564947710899.373,540765675241.158,515048916841.37,489618008185.539,461487097632.349,489285164271.047,601452653180.885,745162608269.325,910122732123.799,926884816753.927,1093169389204.55,1142797178130.51,1179659529659.53,1061388722255.55,1140489745944.29,1346184314344.33,1421619344773.79,1561807465618.86,1655061278569.06,1689289758938.68,1666126494174.61,1648658413703.76,1785843824940.05,2056612244897.96,2422958623214.94,2544805454545.45,2709911683532.66,3092821128451.38,2931501838235.29,2417638261411.43,2491397494467.95,2666403005061.42,2706340967030.68,2786315215249.95,3065223279583.79,2934857946213.47,2699659680997.2,2683399006715.79,2878152147315.82,2857057847953.02,2704609160088.15,3131377762925.95
GRD,Grenada,XCD,111454,St. George's,North America,344.0,,,,,,,,,,,,,,,,,,71494495.1851852,88322386.2962963,102244362.222222,110900457.037037,115651918.888889,125435590.0,131803552.222222,145533310.740741,167728455.185185,187589522.592593,215009569.62963,236357523.703704,267327642.222222,278098762.962963,300757888.888889,310160444.444444,309812185.185185,325111814.814815,342172518.518519,366911444.444444,392190592.592593,445903592.592593,482009370.37037,520044370.37037,520444185.185185,540336925.925926,591018407.407407,599118592.592593,695555555.555555,698700666.666667,758683592.592593,825976037.037037,771275555.555555,771013259.259259,778655925.925926,799882259.259259,842620111.111111,911500000.0,997007407.407407,1061640740.74074,1125681481.48148,1166511111.11111,1213485185.18519,1043414814.81481,1122807407.40741
GEO,Georgia,GEL,3731000,Tbilisi,Asia,69700.0,,,,,,,,,,,,,,,,,,,,,,,,,,,,,,,7753501867.76095,6357615894.03974,3690328963.64086,2701181331.30816,2514070771.80273,2693768412.89179,3095047603.8083,3510520231.21387,3613541516.765,2800049394.91232,3057475335.18846,3219488663.77231,3395728013.84524,3991284895.37214,5125365191.98664,6410823633.25426,7745394293.41721,10172882370.5477,12795076469.0099,10766836276.5639,12243505582.6741,15107441446.7833,16488403076.3641,17189551520.9811,17627003454.7205,14953950557.4406,15141758566.7808,16242916915.7203,17596922469.9152,17470436258.5131,15842922532.7202,18629365597.0017
GHA,Ghana,GHS,29767108,Accra,Africa,239460.0,1217086834.73389,1302521008.40336,1382352941.17647,1540616246.4986,1731092436.97479,2053221288.51541,2126050420.16807,1746806039.48897,1666910166.289,1962051319.26134,2215029450.3805,2417107708.25317,2112292944.64142,2465492957.74648,2894409937.8882,2810106382.97872,2765254237.28814,3189428571.42857,3662478184.99127,4020227920.22792,4445228215.76763,4222441614.97432,4035994397.7591,4057275042.82903,4412279843.44423,4504342149.43471,5727602644.71472,5074829931.97279,5197840979.13416,5251764264.26802,5889174825.487,6596546195.65217,6413901601.83066,5966255778.12018,5444560669.45607,6465137614.6789,6934984709.48012,6891308593.75,7480968858.13149,7719354838.70968,4983024408.14828,5314909953.92992,6166330136.2948,7632406552.83803,8881368538.07671,10744675209.8984,20440893017.1566,24827844949.6033,28678701891.0957,26048108185.0534,32197272797.2028,39337314809.9434,41270954737.2459,62823043706.4702,54782847752.5375,49406568432.6711,56165172898.8695,60406382898.5174,67299280679.563,68337537815.7703,70043199813.6885,77594279054.8795
GIB,Gibraltar,GIP,33718,Gibraltar,Europe,6.5,,,,,,,,,,,,,,,,,,,,,,,,,,,,,,,,,,,,,,,,,,,,,,,,,,,,,,,,,,,,,,
GRL,Greenland,DKK,56025,Nuuk,North America,2166086.0,,,,,,,,,,,69520026.6666667,88570952.8688525,106101175.65798,140153748.243656,169918948.629182,211194305.702999,240780413.56493,282269373.001066,355989047.256374,420642463.409998,476055288.418886,435746974.759244,402405069.367769,416183706.943685,379371608.442925,412876071.118493,603015696.452849,787392365.831908,898611007.947709,929796722.387896,1018970364.86443,1016493394.8253,1037921836.9477,927219728.866886,1005879948.43254,1208946165.92889,1197509786.67632,1072147778.03013,1149862702.96084,1131561595.13775,1068030829.75591,1086172922.57413,1169138789.31435,1558753434.43083,1822486688.58807,1849805732.96203,2013099482.07439,2249811708.94796,2499107510.64122,2529948329.57153,2503156060.52524,2684467375.71479,2609667673.71601,2684952726.88425,2842048997.77283,2499115623.00272,2707146783.13056,2851610655.92391,3055791340.7025,2994332323.74726,3076015346.7541,
GMB,The Gambia,GMD,2280102,Banjul,Africa,11300.0,,,,,,,44212353.6988296,46695363.1558873,41160658.5705371,45168722.6995632,52296836.749388,55728608.974983,59161544.9957528,75187969.924812,95797533.4619206,115182522.123894,112189468.481826,138094243.349324,171836793.402695,207114382.546071,241080708.89018,218764445.784343,216051495.959817,213446562.57106,177338801.93075,225724851.691107,185646209.386282,220626484.224811,266673126.229801,284119692.49433,317083373.524559,690314321.374999,714255460.503389,755042548.055824,746491692.583857,785996982.492168,848237108.56163,803630742.53446,840285264.631545,814723460.08372,782915402.421095,687408804.630527,578236035.104279,487038821.611959,961900106.892751,1027702254.38664,1054113426.70947,1279704744.82781,1561763437.0325,1450140385.97229,1543292392.54605,1409694553.90934,1415006238.09509,1375608956.10386,1229460601.92174,1378176868.31568,1484579844.37143,1504909753.28746,1670670668.5939,1813608279.65044,1812169483.72578,2038417462.37695
GIN,Guinea,GNF,12414318,Conakry,Africa,245857.0,,,,,,,,,,,,,,,,,,,,,,,,,,,1995186720.74733,2041538039.57727,2384295982.38433,2432029433.82679,2666750685.8495,3015058138.92561,3284620543.22982,3279096606.21358,3383092827.5866,3693710532.91191,3868968301.91851,3783700461.64359,3588375476.76248,3461282543.12577,2995361140.63217,2829435956.51563,2950198648.95191,3446441698.00738,3635458132.65317,2937071767.25576,4220019242.74824,6281917655.90249,6964179193.84418,6716904568.76482,6853467857.61127,6785137172.77058,7638045254.42864,8376613843.27265,8778473614.54728,8794202443.67366,8595955581.21787,10324668266.5921,11857030336.5252,13442861443.7506,14177835816.2777,16091817842.2342
GNQ,Equatorial Guinea,XAF,1308974,Malabo,Africa,28051.0,,,9122751.45318345,10840095.1283649,12712471.3960211,64748333.3333333,69110000.0,72317446.9327193,67514285.7142857,67225714.2857143,66331428.5714286,64946954.756798,65429198.238708,81203226.9138345,94159862.7073691,104295643.388437,103653049.93797,103987520.075827,,,50642880.7737503,36731422.8456914,44294647.733479,44442456.94764,50320914.4065688,62118564.8495425,76407396.7552964,93345847.7270322,100534663.294927,88265974.5843603,112119406.548331,110906032.075075,134707184.355541,136047896.155778,100807001.813926,141853368.256815,232463036.435759,442337849.474377,370687618.717326,621117885.668503,1045998496.43872,1461139022.02954,1806742742.27311,2484745935.09329,4410764338.66733,8217369092.65224,10086528698.8604,13071718758.7373,19749893536.3204,15027795173.2187,16314442183.3477,21357344847.4966,22388345810.2466,21948835350.3425,21765454404.421,13185496836.4124,11240809132.4145,12200912828.3695,13097011143.2874,11364133801.8914,10099158074.7273,12269392839.7472
GRC,Greece,EUR,10727668,Athens,Europe,131940.0,4335186016.83942,4961400439.31722,5213047711.42704,5895278024.09202,6669673257.1183,7689154053.35866,8591517943.60129,9275600800.35644,10090675902.5364,11615657031.2387,13139863636.3636,14591750000.0,16885511363.6364,22347848101.2658,25351306818.1818,28525876726.8863,31152835820.8955,36176234967.6226,44270204081.6327,54481876724.931,56829664268.5851,52346506765.0676,54617989795.9184,49428873839.0093,48020024183.7969,47820851221.3175,56379593476.1441,65652750377.4535,76261277924.5736,79169043222.8284,97891092003.4394,105143232379.884,116224672863.783,108809059155.767,116601801966.292,136878365936.167,145861612400.906,143157600149.757,144428172489.335,142588875293.749,130457756628.436,136309295225.34,154564203586.954,202370140236.265,240963562236.127,247875422204.414,273546728473.073,318902829550.733,355908689477.445,331308500253.274,297124961971.501,282995942006.557,242029307133.408,238907690051.13,235458133124.608,195683527003.375,193148146586.933,199844406013.531,212049447242.111,205257014892.502,188925995936.807,214873879833.648
GTM,Guatemala,GTQ,17247807,Guatemala City,North America,108890.0,1043599900.0,1076699900.0,1143600000.0,1262800000.0,1299099900.0,1331399900.0,1390700000.0,1453500000.0,1610500000.0,1715399900.0,1904000000.0,1984800000.0,2101300000.0,2569200100.0,3161499900.0,3645900000.0,4365300200.0,5480500200.0,6070600200.0,6902600200.0,7878700000.0,8607500300.0,8716999700.0,9050000400.0,9470000100.0,9721652086.95652,7231963515.98174,7084399840.0,7841602824.42748,8410724360.79545,7650125217.35253,9406097735.09117,10440842165.3193,11399942453.0646,12983235568.2292,14655404433.2771,15674835615.3139,17790026221.6139,19395491992.9939,18318412251.3642,19288827158.9035,18405203853.1036,20444205991.025,21576351798.9145,23577286226.6407,26783543667.064,29744368110.9094,33567868322.6252,38503862830.6878,37125943564.9873,40676432028.5934,46876114650.4996,49593961141.7484,52996540703.5943,57852399963.7878,62186186575.7433,66053725049.0138,71654134378.5299,73328024537.1848,77170421167.5134,77625486978.2561,85985752107.4679
GUM,Guam,USD,165768,Hagatna,Oceania,549.0,,,,,,,,,,,,,,,,,,,,,,,,,,,,,,,,,,,,,,,,,,,3394000000.0,3569000000.0,3869000000.0,4213000000.0,4238000000.0,4397000000.0,4658000000.0,4828000000.0,4949000000.0,4984000000.0,5265000000.0,5399000000.0,5610000000.0,5799000000.0,5901000000.0,6013000000.0,6056000000.0,6366000000.0,5886000000.0,6123000000.0
GNB,Guinea-Bissau,XOF,1874309,Bissau,Africa,36120.0,,,,,,,,,,,78733594.8411852,78540057.1372471,87702828.5651641,89374237.2881356,98775328.9473684,108985740.155434,112386489.005677,114971207.205384,122666858.789625,118537875.133044,110653830.722704,154731969.69697,165523634.503718,163577538.326314,138478900.628609,143856253.127248,130225018.751151,173836362.010677,164458120.318029,213143016.446378,243961995.512687,257150374.069711,226313443.749086,236880821.656388,235620043.500927,253966922.278198,270419779.418107,268550998.219197,206457544.497703,224446663.800548,371095510.047761,392621385.894576,417806667.07798,477458598.710737,532062927.382438,587029054.444652,592365688.05204,696910810.918663,868154708.520179,830126469.986608,849878424.225986,1099818651.98114,989271229.637162,1046087417.96916,1054915645.19654,1048229629.42039,1179004941.22904,1350177127.5523,1504630120.99275,1439638443.38133,1431758242.90375,1638517533.16504
GUY,Guyana,GYD,779004,Georgetown,South America,214970.0,170215248.206265,185848451.262906,194948375.430205,175756868.692761,194773376.888526,213235294.117647,228705882.352941,250176470.588235,229750000.0,249300000.0,267800000.0,282050000.0,285380952.380952,307047619.047619,433954545.454545,494791666.666667,454440000.0,449880000.0,507080000.0,530440000.0,603200000.0,570357107.142857,482000000.0,489333333.333333,437631605.263158,453488372.093023,504651139.534884,354591846.938775,413799990.0,379779389.705882,396582263.291139,348533094.812165,373573141.486811,454101382.488479,540874934.201012,621626785.915493,705406001.424501,749138009.56454,717530683.169567,694754988.258295,712667896.727512,712167575.624277,726131434.715338,743064076.794567,787814379.183843,824880550.343965,2379818382.99241,2730971150.01134,3025187923.58617,3165663152.73351,3432913073.24154,3691384317.52178,4063089191.87525,4167800259.20888,4127659492.02031,4279840193.7046,4482697336.56174,4748174334.14044,4787636237.24043,5173760191.84652,5471256594.72422,8044498800.95923
HKG,Hong Kong,HKD,7451000,Hong Kong,Asia,1092.0,1320796651.69457,1383681651.13776,1612346412.26475,1935298266.45384,2206466461.26434,2435078534.03141,2489845016.64894,2692474989.12571,2716964388.42418,3189740055.13982,3800766535.62088,4476001946.01486,5710107420.14394,8030117555.62033,9388663645.7588,10048022369.9141,12876366008.8077,15719433719.4337,18315007365.9713,22526035940.5921,28861759209.0191,31055409443.043,32291306281.8168,29907091339.5364,33511383985.6741,35699543050.7778,41075570591.9291,50622571586.1149,59707404560.5944,68790369107.2962,76928290841.8701,88959620135.8864,104272278634.731,120353947980.764,135812069768.646,144652912433.103,159717233621.659,177352785419.977,168886163221.567,165768095391.557,171668164082.555,169403241524.337,166349228737.386,161384522525.299,169099768875.193,181570082162.19,193536265094.364,211597405593.868,219279678430.164,214046415026.187,228637697575.04,248513617677.287,262629441493.476,275696879834.966,291459356985.337,309383627028.561,320858250776.188,341273289534.466,361731070995.726,363052489184.395,344932192028.051,369176400967.427
HND,Honduras,HNL,9587522,Tegucigalpa,North America,112090.0,335650000.0,356200000.0,387750000.0,410200000.0,457000000.0,508650000.0,549950000.0,598100000.0,646800000.0,668000050.0,723000000.0,731000000.0,802999950.0,912499950.0,1034500000.0,1124000000.0,1347999950.0,1669499950.0,3097242093.2,3544281976.3,3968160046.0,4043894878.6,4266503525.6,4476697184.85,4915311846.5,5278120712.5,5677828959.0,6190521241.5,5902717091.41631,5432344901.72414,4923009551.55642,4648668478.56753,4943700431.07368,4926728932.95069,4642280682.14252,5347445005.21376,5215028986.48649,5737099650.19011,6366340265.87888,6414520529.61672,7186650135.43927,7651174661.42872,7858235333.4834,8230387552.2259,8869311410.95131,9757034456.7578,10917481688.4711,12361257680.5627,13881701033.6546,14587496229.1811,15839344591.9842,17710315005.9999,18528601901.324,18499710127.8385,19756494434.7031,20979767785.2104,21717622071.3816,23136232229.6069,24067778953.842,25089976946.7736,23827840809.7014,28488668301.6401
HRV,Croatia,HRK,4089400,Zagreb,Europe,56542.0,,,,,,,,,,,,,,,,,,,,,,,,,,,,,,,,,,,,22643720762.9666,24004834103.591,24029651136.9587,25732125031.9808,23628947414.5284,21807856145.1037,23259567777.5327,27085262278.8634,35022903386.8064,42013459301.7962,45835098187.6637,50915016294.105,60641942979.2183,70943300079.4666,63324394633.9008,60672093864.787,63408294943.4855,57369359295.2829,59032066091.7147,58423981441.1801,50242783066.1173,52397494687.4863,56323836169.7177,62316840749.9705,62327983579.5899,57472012426.6853,68955083280.1922
HTI,Haiti,HTG,11123176,Port-au-Prince,North America,27750.0,273187200.0,271066000.0,281896800.0,294883400.0,325281200.0,353251800.0,368948600.0,369124200.0,367968800.0,391820400.0,331200000.0,362800000.0,372000000.0,466800000.0,565400000.0,681400000.0,879000000.0,947000000.0,974200000.0,1080600000.0,1383800000.0,1479400000.0,1474200000.0,1623600000.0,1816200000.0,2009400000.0,2318000000.0,2047200000.0,2613926800.0,2736243800.0,3096289800.0,3473540601.82161,2257121668.19352,1878248741.04949,2167564194.7342,2813313278.81082,2907514522.92503,3338938830.01743,3723909226.86781,4153736347.44223,6813577558.17628,6331961555.40914,6058134466.75258,4826827577.08641,6036959914.72398,7184064657.2953,7518107786.51149,9522763153.81366,10485225353.1801,11597014807.3496,11859315078.7902,13008754110.8113,13708926466.2732,14902474090.615,15139264670.4225,14833154471.7456,13987693738.923,15035560372.6443,16455034352.7671,14785839382.9002,14508218017.4032,20944392615.0803
HUN,Hungary,HUF,9768785,Budapest,Europe,93030.0,,,,,,,,,,,,,,,,,,,,,,,,,,,,,,,,34753569692.915,38730585922.2189,40124916940.5945,43166678735.2183,46425677734.1435,46658755151.6017,47296952928.7561,48706787306.2574,49073380173.7159,47218405892.4258,53749989092.0197,67608919144.3684,85285062818.0077,104120820258.669,113211158292.936,115715618613.052,140186716681.425,158325614580.628,131069255620.567,132175349953.713,141942264554.475,128814279315.132,135684315697.713,141033843265.669,125174166987.372,128609822750.039,143112196040.326,160564628963.713,163988594921.902,157182045260.23,181848022233.89
IDN,Indonesia,IDR,267663435,Jakarta,Asia,1919440.0,,,,,,,,5667756644.9716,7076465295.27356,8337423312.88344,9150684931.50685,9333536359.74431,10997590361.4458,16273253012.0482,25802409638.5542,30463855421.6867,37269156626.506,45808915662.6506,51455719100.27,51400186379.1873,72482337370.8551,85518233450.1818,90158449307.26,81052283404.2179,84853699994.5677,85289491746.8428,79954072569.4637,75929617576.2282,84300174475.7955,94451427898.007,106140727356.675,116621996217.133,128026966579.964,158006700301.533,176892143931.505,202132028723.115,227369679374.973,215748998609.635,95445547872.715,140001351215.462,165021012077.81,160446947784.909,195660611165.183,234772463823.808,256836875295.452,285868618224.017,364570514304.85,432216737774.861,510228634992.258,539580085612.401,755094160363.071,892969107923.094,917869910105.749,912524136718.018,890814755233.225,860854235065.079,931877364177.742,1015618742565.81,1042271531011.99,1119099868265.25,1058688935454.78,1186092991320.04
IRL,Ireland,EUR,4853506,Dublin,Europe,70280.0,1939329775.43739,2088012282.35667,2260349684.08625,2430843768.44553,2766608945.87402,2945704142.99765,3104034393.23162,3343636773.36759,3278584478.33023,3787077343.72783,4395995085.99509,5098250287.46646,6318060582.21873,7481173065.79201,7896860614.98803,9483808362.36934,9453756014.71837,11248340431.3779,14647996073.6937,18319334300.4513,21747855640.0712,20670190138.1671,21474752962.2178,20766047763.5314,20106648454.8404,21270013325.5601,28714571852.4799,33920518492.5094,37772896220.7559,39238392677.7542,49305632408.4929,49787501584.4847,55918538121.3989,52417477613.676,57097656065.96,69139823232.3232,75790786290.3226,82856648758.3572,90199410115.5097,98893958262.6438,100207610429.909,109346669229.695,128596035288.401,164670771259.602,194372115041.065,211876989655.907,232180617162.279,270079279419.5,275447471451.063,236443115853.695,221913560882.367,239003132208.133,225628699652.993,238340859896.937,259170903647.536,291775166506.891,299091127524.505,336377500160.546,385736680797.118,399321701632.431,425852281928.121,504182603275.542
ISR,Israel,ILS,8883800,,Asia,20770.0,2598500000.0,3138500000.0,2510000000.0,2992333333.33333,3405333333.33333,3663333333.33333,3980000000.0,4030000000.0,4619000000.0,5329333333.33333,,,,,,,,,,,,,,,,,,,,,,,,,,104892955202.072,114505860826.519,118859377862.817,120056692192.311,120922937410.923,136035771711.672,134635822098.58,125060622862.932,131299915899.958,139973148371.263,147083996033.603,158670456932.537,184052121662.082,220531065217.391,211970040942.96,238364092298.023,266791854430.897,262282344091.849,297732778479.129,314330061977.263,303414276832.04,322102790386.835,358245427458.541,376691526553.276,402470513619.148,413267669231.522,488526545878.891
IMN,Isle of Man,GBP,84077,Douglas,Europe,572.0,,,,,,,,,,,,,,,,,,,,,,,,,,,,,,,,,,,,914762873.689153,1023005862.77927,1180968165.4086,1382605389.32055,1567402513.69642,1563667799.61578,1659131243.73837,1947332921.74718,2328658227.8481,2822358473.16983,3032400000.0,3422651333.94664,4466100440.17607,5928420955.88235,5487083657.89064,5920177688.50433,6566098381.6696,6690725118.48341,7000748788.49461,7708834951.45631,7085288006.11154,6846691871.45558,6979581724.58172,7491969312.87525,7315388052.08067,,
IND,India,INR,1352617328,New Delhi,Asia,3287590.0,37029883876.1839,39232435784.0358,42161481858.0819,48421923459.1235,56480289940.9899,59554854575.8085,45865462034.2857,50134942204.0,53085455870.6667,58447995017.3333,62422483054.6667,67350988021.3932,71463193831.0092,85515269585.4,99525899116.054,98472796456.884,102717164466.397,121487322475.912,137300295313.3,152991653793.77,186325345086.661,193490610029.789,200715145363.148,218262273406.969,212158234167.312,232511877841.698,248985994040.59,279033584092.223,296588994812.354,296042354984.876,320979026420.035,270105341879.226,288208430383.964,279296022987.919,327275583539.559,360281952716.797,392897054348.071,415867753863.874,421351477504.743,458820417337.807,468394937262.37,485441014538.638,514937948870.08,607699285433.872,709148514804.659,820381595512.902,940259888792.141,1216735441524.86,1198895582137.51,1341886602798.69,1675615335600.56,1823049927772.05,1827637859506.25,1856722121394.42,2039127446299.3,2103587813812.75,2294797980509.01,2651472946375.05,2702929718960.46,2831552222519.99,2667687951796.5,3176295065497.24
IRQ,Iraq,IQD,38433600,Baghdad,Asia,437072.0,1684121534.58415,1831700364.04369,1954634836.18034,1978437692.5231,2340521142.5371,,,,2896947633.71605,3008120974.51694,3281713805.65668,3865346534.65347,4113848002.40312,5134367778.1446,11516762614.2906,13458516762.6143,17754825601.0836,19838130714.5276,23762275651.8794,37816457839.4853,52569000000.0,37823000000.0,42382333333.3333,40712903225.8064,46938387096.7742,48425161290.3226,47264516129.0323,56774193548.3871,62684516129.0323,65831935483.871,180408064516.129,407796349.663785,553671957.671958,1031944881.13189,3991349282.75729,12894029888.1122,10433698621.3427,20764857056.3795,20617405044.2425,36881601583.8194,48364250943.9051,36176430128.8057,32928454672.4246,21921569478.8163,36627901762.063,49954890353.2609,65140147197.1215,88837055195.2619,131614433712.245,111657581662.35,138516722649.573,185749664444.444,218002481737.691,234637675128.645,228415656174.957,166774109673.732,166602488747.885,187217660050.676,227367469034.031,233636097800.338,184369797315.436,207889333724.138
IRN,Iran,IRR,81800269,Tehran,Asia,1648000.0,4199134389.9037,4426949094.8403,4693566416.48346,4928628018.38759,5379845647.70139,6197319929.04038,6789938671.75094,7555383690.16,8623172959.89803,9743089607.49587,10976245153.5894,13731801564.0908,17153463263.1086,27081698249.5083,46209092072.1383,51776222349.8869,68055295080.7538,80600122701.9632,77994316621.4814,90391877325.9285,94362275580.0229,100499312749.923,125948756439.485,156365156618.241,162276728619.519,180183629599.684,209094561833.48,134009995923.169,123057861333.908,120496362916.271,124813263926.225,,,63743623232.012,71841461172.5964,96419225743.6737,120403931885.441,113919163421.155,110276913362.508,113848450088.351,109591707802.216,126878750295.944,128626917503.72,153544751395.43,190043433964.841,226452138291.542,266298911661.144,349881601458.56,412336172446.849,416397025729.361,486807615326.147,626133114526.806,644035510447.901,492775565649.562,460382791826.34,408212918053.939,457954614142.539,486630146443.617,331682036227.963,283746685180.338,239735571102.495,359713152725.063
ISL,Iceland,ISK,353574,Reykjavik,Europe,103000.0,248434096.968726,253885656.329253,284916516.159537,340061650.119898,434267936.914583,523694949.370689,628893310.399926,621225962.154708,474399471.622359,414709311.35296,526704545.454545,670251136.363636,839652164.06073,1154440252.96794,1515190595.29765,1406875081.32726,1669488389.96542,2208509076.28099,2511826196.009,2853435053.88542,3381419251.29231,3492997010.04956,3206626644.5371,2765950335.71095,2864441387.40507,2984052356.55071,3989622739.28212,5520318404.64149,6106635816.24587,5672569449.07068,6468736355.55678,6909730288.17061,7080981738.05606,6218581531.64347,6389460342.78656,7123633418.19739,7426082270.67669,7569672925.33739,8503693098.62271,8982047589.4895,9025660361.75842,8234846804.60582,9318395054.85934,11429333037.8443,13825302535.7699,16852963067.0496,17465318552.2941,21652505596.7528,18074622987.0185,13154414219.207,13751161917.7398,15221622925.9319,14751508133.5443,16125060515.3117,17867662177.8911,17517210519.0912,20793168030.9524,24728285177.4603,26264127686.6137,24826102119.6357,21694674809.9321,25602419210.3374
ITA,Italy,EUR,60431283,Rome,Europe,301230.0,40385288344.1911,44842760293.1924,50383891898.9911,57710743059.8341,63175417019.0094,67978153850.5191,73654870011.2757,81133120065.4202,87942231678.3505,97085082807.3751,113395315985.13,124672365792.759,145260039840.637,175492055795.417,199564489431.378,227695851126.928,224717278436.846,257596313364.055,315058323066.393,393677161500.816,477256775943.929,430702851303.015,427272645669.291,443042373788.883,437887689001.543,452217492140.757,640386352773.087,805713128174.485,891608957155.608,928661332204.347,1181222653522.95,1246220156079.29,1320161644933.23,1064958075550.63,1099216688280.5,1174662070605.02,1312426527795.21,1241879604365.62,1270052525928.4,1252446659833.79,1146676894209.73,1168023426056.38,1276769338449.3,1577621707050.51,1806542968545.56,1858217147203.73,1949551719389.64,2213102482751.46,2408655348718.59,2199928804118.63,2136099955236.67,2294994296589.5,2086957656821.6,2141924094298.56,2162009615996.54,1836637711060.55,1877071687633.78,1961796197354.36,2091932426266.98,2011302198827.45,1896755301518.14,2107702842669.73
JAM,Jamaica,JMD,2934855,Kingston,North America,10991.0,699050678.98642,748028839.423211,777712445.751085,826690466.190676,897931401.371973,972140557.188856,1096738065.2387,1148025407.34604,1083883355.33421,1191287651.50606,1404776071.04284,1539865513.92891,1875048859.93485,1905917553.19149,2375096249.03751,2860411285.88714,2966010229.8977,3249697393.02607,2644449232.29321,2425033998.18676,2679409453.23903,2979061412.37229,3293533288.42483,3619294120.69144,2373566957.49214,2100223149.71396,2754566176.20212,3286987551.71597,3828310734.97795,4404970058.83786,4592224067.37194,4106199176.28901,3535460089.80719,5440064773.17365,5452564385.43307,6577523824.70029,7393883554.77969,8400033893.99653,8787195622.43502,8887061866.89206,9005064474.93003,9194717835.99985,9719017925.92929,9430230564.4699,10174664853.9476,11243868485.7428,11930171468.3796,12799593017.7101,13709402085.3206,12120460872.8003,13220556882.7046,14444655299.8772,14807086889.2099,14264202737.3082,13899228824.2161,14188935947.5694,14077109396.8584,14808989993.3185,15730793852.7913,15830768549.8916,13812425036.5864,14657586937.0735
JOR,Jordan,JOD,9956011,Amman,Asia,92300.0,,,,,,599831979.837581,658078969.476337,631755810.697284,561187342.481098,698963875.66508,639596751.610193,678241388.966676,788574628.955475,943700547.778454,1197454206.76808,1363039399.62477,1708433734.93976,2096568478.59095,2602421465.96859,3271728271.72827,3910372608.2578,4384382566.58596,4681134751.77305,4920407601.21179,4966710013.0039,4993917891.53573,6401428571.42857,6755391432.79173,6277317659.63131,4221197354.68152,4160162724.12234,4344250257.01278,5310973815.82819,5606003752.34522,6236295978.24531,6727597031.96347,6927503526.09309,7245839210.15515,7912270803.94922,8149929478.13822,8460789844.8519,8975599435.82511,9582510578.27927,10195627644.5698,11411706629.055,12588998589.5628,15056981664.3159,17110437235.543,22657662394.9553,24537876123.688,27133804244.3669,29524149164.8994,31634561670.4356,34454440180.6582,36847643587.2383,38587017944.3352,39892551148.8301,41608435921.7904,43370860549.1337,44993992365.1297,44182298291.8206,45744271658.9141
JPN,Japan,JPY,126529100,Tokyo,Asia,377835.0,44307342950.4,53508617739.3778,60723018683.7333,69498131797.3333,81749006381.5111,90950278257.7778,105628070343.111,123781880217.6,146601072685.511,172204199480.889,212609187919.444,240151807460.241,318031297492.352,432082670450.719,479625998613.406,521541905673.251,586161858999.671,721411786536.814,1013612173518.84,1055012119526.33,1105385973763.87,1218988935129.81,1134518001884.56,1243323592058.83,1318381627003.76,1398892744820.69,2078953333673.55,2532808573157.03,3071683013178.91,3054914166263.18,3132817652848.04,3584420077100.84,3908809463463.86,4454143876947.21,4998797547740.97,5545563663889.7,4923391533851.63,4492448605638.94,4098362709531.24,4635982224063.88,4968359075956.59,4374711694090.87,4182846045873.61,4519561645253.53,4893116005656.56,4831467035389.8,4601663122649.92,4579750920354.81,5106679115127.3,5289493117993.89,5759071769013.11,6233147172341.35,6272362996105.03,5212328181166.18,4896994405353.29,4444930651964.18,5003677627544.24,4930837369151.42,5037835383110.97,5123318151510.62,5040107754084.11,4940877780755.33
KEN,Kenya,KES,51393010,Nairobi,Africa,582650.0,791265458.818076,792959472.139024,868111400.014073,926589348.572953,998759333.643326,997919319.980049,1164519673.19763,1232559505.92359,1353295457.5261,1458379415.40278,1603447357.25171,1778391289.19123,2107279157.38336,2508998457.4073,2969942180.34692,3259344935.76836,3474542392.03212,4494378855.33109,5303734882.53447,6234390975.27091,7265315331.62273,6854491453.90208,6431579357.5481,5979198463.78533,6191437070.61366,6135034338.11763,7239126717.15527,7970820530.60546,8355380879.12955,8283114648.24696,8572359162.74408,8151479004.21334,8209129171.73649,5751789915.05363,7148145375.78545,9046326059.98857,12045858436.2399,13115773737.5664,14093998843.7334,12896013576.7324,12705357103.0056,12986007425.8781,13147743910.7241,14904517649.8476,16095337093.8366,18737897744.7948,25825524820.8064,31958195182.2406,35895153327.8497,42347217912.9176,45405587556.7313,46869457318.2541,56396706005.9435,61671425370.0235,68285768554.472,70120413328.7838,74815121314.9381,82035800868.187,92202956320.532,100379713697.421,100666542665.72,110347079517.356
KGZ,Kyrgyzstan,KGS,6315800,Bishkek,Asia,198500.0,,,,,,,,,,,,,,,,,,,,,,,,,,,,,,,2675000000.0,2569444444.44444,2316562500.0,2028295454.54545,1681006993.00699,1661018518.51852,1827570586.16784,1767864035.71943,1645963749.83146,1249061487.01457,1369688498.06778,1525116370.27939,1605643104.73021,1919008090.49641,2211534585.0034,2460248026.17783,2834168889.42019,3802566170.81543,5139957784.91084,4690062255.12247,4794357795.07139,6197766118.59856,6605139933.41063,7335027591.91628,7468096566.71158,6678178340.45121,6813092065.83507,7702934800.12836,8271108638.39931,8871026074.19762,7780874536.66054,8543423502.6134
KHM,Cambodia,KHR,16249798,Phnom Penh,Asia,181040.0,637142865.714286,642857134.285714,660000008.571429,728571437.142857,782857128.571429,868571428.571429,914285714.285714,962857134.285714,1065714248.57143,978873232.394366,718401157.724163,969911421.39418,505549441.375077,702899155.982033,588443893.689773,,,,,,,,,,,,,,,,,,,2533727592.04165,2791435272.26653,3441205692.9166,3506695719.57259,3443413388.6909,3120425502.58253,3517242477.2285,3654031716.26881,3984000517.02345,4284028482.53766,4658246918.27092,5337833248.03924,6293046161.83262,7274595706.67154,8639235842.18075,10351914093.1723,10401851850.6108,11242275198.9783,12829541141.0127,14054443213.4639,15227991395.2201,16702610842.4025,18049954289.4229,20016747754.0192,22177200511.5811,24571753583.4922,27089389786.979,25872798012.1938,26961061119.7957
KIR,Kiribati,AUD,115847,Tarawa,Oceania,811.0,,,,,,,,,,,14295279.5446937,15278632.4786325,18936526.9461078,31710657.7257811,85637174.3722131,55081816.9917528,41109617.4996945,38748059.4366822,45210026.3248255,42620165.4370668,42131632.8854475,43668122.2707424,40572066.1324678,37837837.8378378,42123738.4817903,32125148.4042182,31417112.2994652,35709284.4139476,44534729.2757247,44282777.1627392,42931855.4367341,47515189.2818196,47737955.346651,46919624.6430029,54832577.8622606,56338028.1690141,66515376.7900462,67537479.5903221,65334841.0604347,69032258.0645161,67254174.3970315,63101272.3699183,72196457.6768445,90231856.8000519,102367039.270481,112133944.253532,110234939.759036,132671742.950381,141042610.300285,132419903.291218,155299761.511649,180665807.117071,189630151.170015,184550782.004248,177862267.892555,170291037.487792,178509812.667261,188192060.085837,196230573.819486,177935349.322211,180911843.644622,207031250.0
COM,Comoros,KMF,832322,Moroni,Africa,2170.0,,,,,,,,,,,,,,,,,,,,,212218226.429847,196349967.670007,184008995.643686,191621958.375365,184697209.997414,196726077.061972,279197696.814639,337525870.616968,356500026.691673,341476764.044268,429622147.743446,424108796.562976,457388578.924144,452881443.084162,319189200.353123,398461789.558686,396053797.633321,364445589.702365,370106776.043329,382454989.945311,351136568.441921,378512003.405071,425964697.418664,546885184.990174,633706149.25026,653845122.872074,698431827.740958,795673128.485442,915659192.825112,905341090.570115,907978723.547592,1023086183.79822,1015843368.79008,1116224161.07781,1149587651.69395,966029542.038859,1012835518.26037,1077439662.5798,1188797574.94753,1195019559.09381,1225039230.74083,1296089632.60039
KNA,St Kitts and Nevis,XCD,52441,Basseterre,North America,261.0,12366563.6119699,12483229.3064224,12541562.1536487,12833226.3897801,13416554.8620428,13593932.3220537,14469078.1796966,16742338.2519864,14600000.0,15850000.0,16300000.0,19624746.4503043,22944849.1155047,24196018.3767228,31514856.3078422,33364055.2995392,30095602.2944551,44496296.2962963,49433333.3333333,58840740.7407407,68459259.2592593,80888888.8888889,86022222.2222222,86874074.0740741,98603703.7037037,111007407.407407,130685185.185185,147748148.148148,172692592.592593,192518518.518518,217259259.259259,220540740.740741,242137037.037037,263755555.555556,295159259.259259,313485185.185185,333944444.444444,374641307.974641,383257331.40548,406595484.373262,421695769.843918,458643829.014199,481077373.669966,469869869.86987,506900000.0,547203703.703704,644414814.814815,689285185.185185,777691333.333333,774273111.111111,778718111.111111,836092407.407407,826231629.62963,875376407.407407,953174074.074074,957040740.740741,1008100000.0,1058937037.03704,1076911111.11111,1107840740.74074,884525925.925926,860840740.740741
PRK,North Korea,KPW,25549819,Pyongyang,Asia,120540.0,,,,,,,,,,,,,,,,,,,,,,,,,,,,,,,,,,,,,,,,,,,,,,,,,,,,,,,,,,,,,,
KOR,South Korea,KRW,51635256,Seoul,Asia,98480.0,3958824423.99818,2417638423.22215,2814626210.10081,3988476878.75723,3459032883.02465,3120870870.87087,3929018943.02351,4855833210.11386,6119284294.23459,7678720155.46918,9005023183.92581,9903499927.98502,10862327878.032,13876531432.0145,19544094741.2663,21784297520.6612,29902479338.843,38446487603.3058,51972107438.0165,66946900826.4463,65398646757.6511,72933350953.7025,78358866334.7376,87760360941.0248,97510235986.0046,101296177099.377,116836802995.065,147948259722.577,199590823957.237,246927292765.02,283367525714.932,330648530715.211,355525267405.367,392666101884.959,463617399962.661,566583427334.137,610169556840.077,569754543829.957,383330931042.356,497512659612.052,576178114168.494,547658231279.87,627246081417.004,702717332012.991,793175007858.066,934901071332.984,1053216909887.56,1172614086539.86,1047339010225.25,943941876218.743,1144066965324.49,1253223044718.99,1278427634342.59,1370795199976.18,1484318219633.63,1465773245547.15,1500111596236.37,1623901496835.79,1724845615629.26,1651422932447.77,1644312831906.17,1810955871380.98
KWT,Kuwait,KWD,4137309,Kuwait City,Asia,17820.0,,,,,,2097451694.2033,2391486978.43741,2441893027.16326,2663119574.34892,2769532343.88127,2873984878.18538,3880370401.57259,4451200972.9401,5408293998.65138,13004774556.6166,12024138275.8621,13131668946.6484,14135729588.2763,15500908760.4507,24746019536.903,28638550499.4451,25056672166.4275,21577977770.059,20869434305.3173,21697297872.3404,21442619680.8511,17903681693.0489,22365734481.5213,20692472759.8566,24312117767.1886,18427777777.7778,11008793176.2223,19858555214.7239,23941391390.7285,24848483838.3838,27191353887.3995,31493319973.2799,30355093966.3699,25939960629.9213,30123850197.1091,37712842242.5033,34887512226.9319,38137545245.1464,47876510067.1141,59439090600.6108,80798630136.9863,101548931771.192,114639690358.902,147395089285.714,105963168867.269,115419399860.433,154068115942.029,174070382279.385,174161142454.161,162631412508.784,114567298105.683,109419728566.7,120707435542.367,138182400493.585,136196760180.976,105960225688.145,
CYM,Cayman Islands,KYD,64174,George Town,North America,262.0,,,,,,,,,,,,,,,,,,,,,,,,,,,,,,,,,,,,,,,,,,,,,,,4200439457.5783,4466438857.5543,4586114124.56498,4281868714.74859,4156990759.63038,4186223808.95236,4291159006.36025,4405954638.18553,4563017880.71523,4708336733.46934,4909498979.9592,5166467298.69195,5530377535.1014,5943589103.56414,5608989199.56798,5898449687.97711
KAZ,Kazakhstan,KZT,18276499,Nur-Sultan,Asia,2717300.0,,,,,,,,,,,,,,,,,,,,,,,,,,,,,,,26932729102.7371,24923076923.0769,24917355371.9008,23409260879.9427,21250792886.1054,20374302652.3819,21035368250.8881,22165932062.966,22135254836.0031,16870821839.7584,18291994909.0044,22152694161.8882,24636593223.3467,30833699702.7594,43151647002.6096,57123671733.8952,81003884545.4099,104849886825.584,133441612246.798,115308661142.927,148047348240.643,192626507971.584,207998568865.789,236634552078.102,221415572819.5,184388432148.715,137278320084.171,166805800595.704,179339994859.384,181667190075.541,171082379532.988,197112255360.612
LAO,Laos,LAK,7061507,Vientiane,Asia,236800.0,,,,,,,,,,,,,,,,,,,,,,,,,1757142805.71429,2366666615.55556,1776842041.05263,1087273103.69639,598961269.297879,714046821.093797,865559856.1639,1028087972.31085,1127806944.61513,1327748654.65969,1543606345.11684,1763536304.53964,1873671550.34636,1747011857.33107,1280177838.71905,1454430642.49183,1731198022.45494,1768619058.34647,1758176653.07746,2023324407.30316,2366398119.8821,2735558726.25625,3455031447.60194,4223152219.2439,5446434031.69042,5836138127.06562,7131773632.71369,8750107401.57872,10192848926.2582,11983252611.2727,13279248478.8161,14426381187.0894,15912495368.8717,17071162084.4067,18141651381.3884,18740559554.1632,18981800705.0794,18827148509.5798
LBN,Lebanon,LBP,6848925,Beirut,Asia,10400.0,,,,,,,,,,,,,,,,,,,,,,,,,,,,,3313540067.93246,2717998687.71002,2838485353.96187,4690415092.53663,5843579160.90122,7941744492.1211,9599127049.9375,11718795528.4939,13690217333.2697,15751867489.4446,17247179005.5219,17391056369.2265,17260364842.4544,17649751243.7811,19152238805.9701,20082918739.6352,21159827992.0398,21497336498.9718,22022709851.5423,24827355014.66,29118916105.6053,35399582928.6236,38443907042.3217,39927125961.194,44016799515.8209,46880103080.6634,48095213746.4677,49929337837.0813,51147308773.9304,53027680685.8375,54901519155.6219,51953744530.2445,31712128253.7961,23131940280.7316
LCA,Saint Lucia,XCD,181889,Castries,North America,616.0,,,,,,,,,,,,,,,,,,,,,170370370.37037,194444444.444444,183333333.333333,197037037.037037,251481481.481481,284444444.444444,340000000.0,375555555.555556,429629629.62963,486666666.666667,579629629.62963,613703703.703704,674074074.074074,684814814.814815,713703703.703704,762962962.962963,788888888.888889,805925925.925926,877407407.407407,921851851.851852,932592592.592592,892592592.592592,900000000.0,987407407.407407,1066666666.66667,1135555555.55556,1268319185.18519,1336088814.81481,1437731111.11111,1401507888.88889,1486758037.03704,1576988407.40741,1605146777.77778,1664816740.74074,1749289302.71075,1807227215.4535,1865459670.06646,1996710562.6389,2057067919.33041,2094201725.17451,1516015718.73491,1691275156.6002
LIE,Liechtenstein,CHF,37910,Vaduz,Europe,160.0,,,,,,,,,,,90098330.6654471,104888628.171944,124941925.010473,165930611.729019,193983720.461869,246387479.177159,272493879.020643,303496276.263782,436918176.733781,503180669.994587,534701915.617354,511658690.561043,522090331.478107,524034109.856605,502617355.407073,529078995.563876,779365167.602424,1052843347.63948,1161757671.01756,1120000916.92646,1421466239.56234,1484152022.3152,1631197909.259,1673104493.77369,1948118227.68151,2428461395.34884,2504033252.42718,2298410390.68421,2479721340.8746,2664026095.06058,2483953102.79488,2491822706.80256,2688630822.53304,3070691319.52179,3454362685.96703,3659251525.8593,4000239272.61126,4601299566.81106,5081432924.0144,4504549214.22663,5082366478.08994,5739977477.47748,5456009384.66461,6391735893.83968,6657170923.37918,6268391521.19701,6237264055.20601,6474256118.61481,6692504346.04765,6427248943.44939,6113951011.71459,
LKA,Sri Lanka,LKR,21670000,Colombo,Asia,65610.0,1409873949.57983,1444327731.09244,1434156378.60082,1240672268.90756,1309747899.15966,1698319327.73109,1751470588.23529,1859465020.57613,1801344537.81513,1965546218.48739,2296470588.23529,2369308600.33727,2553936348.40871,2875625000.0,3574586466.16541,3791298145.50642,3591319857.31272,4104509582.86359,2733183856.50224,3364611432.24149,4024621899.57653,4415844155.84416,4768765016.81884,5167913302.16745,6043474842.76729,5978460972.01767,6405210563.88294,6682167119.56522,6978371581.26375,6987267683.77254,8032551173.24014,9000362581.58086,9703011635.86585,10338679635.7616,11717604208.8223,13029697560.9756,13897738375.2488,15091913883.7091,15794972847.1683,15656327859.5696,16330814179.9766,15749753804.8344,16536535647.0834,18881765437.2151,20662525941.2985,24405791044.7761,28279814924.5918,32350248410.8216,40713812309.7316,42066217871.5349,58636150709.5507,67753288946.2507,70447191495.6812,77000596661.4756,82528526229.5245,85140963536.633,88012262256.8633,94376246466.9549,94493847351.6433,89014990791.9051,85349112170.9594,88927263724.8592
LBR,Liberia,LRD,4818977,Monrovia,Africa,111370.0,,,,,,,,,,,,,,,,,,,,,,,,,,,,,,,,,,,,,,,,,874000000.0,906000000.0,927000000.0,748000000.0,897000000.0,949000000.0,1119000000.0,1373000000.0,1726000000.0,1768000000.0,1998000000.0,2398000000.0,2791614000.0,3177198100.0,3225652000.0,3227075700.0,3398419600.0,3390703400.0,3422754800.0,3319596500.0,3039982500.0,3509000000.0
LSO,Lesotho,LSL,2108132,Maseru,Africa,30355.0,34579308.4138317,35699286.0142797,41859162.8167437,47039059.2188156,51938961.2207756,54878902.4219516,56698866.0226795,59260814.7837043,61444771.1045779,65966680.6663867,68738625.2274954,76482102.9082774,80915831.9240276,121181556.195965,150846210.448859,149560513.860717,147654093.836247,193307267.709292,266559337.626495,290142517.814727,431561376.476631,434188034.188034,348746822.619267,386699308.859169,333158476.24212,268626912.549917,318862888.402626,402774852.652259,470389179.678909,495404888.092424,596415104.549144,704329192.771521,831033941.093969,835592802.276831,878250450.602681,1001889856.91048,946123275.88212,997996028.645833,928458205.958432,912771290.61298,887295267.875155,825706961.238689,775780697.676625,1157832934.55127,1511236655.52047,1682350934.85132,1800105589.60349,1682016947.22798,1766825412.77296,1740830510.87482,2234731973.55119,2579421686.24912,2477702252.80078,2367113170.00373,2441053175.70743,2359759799.04224,2114428033.39316,2306741845.41948,2553495915.79202,2453980835.24819,2231214507.47611,2496134680.31694
LTU,Lithuania,EUR,2789533,Vilnius,Europe,65200.0,,,,,,,,,,,,,,,,,,,,,,,,,,,,,,,,,,,,7867140395.33705,8382519637.46224,10118631851.5322,11239547690.9797,10971583944.7561,11524776866.6379,12237388001.7264,14259781159.0119,18781721376.1985,22627507451.5648,26097677571.8373,30183575103.5262,39697891351.9431,47797551587.8823,37388122046.1496,37128694028.243,43535051482.3869,42927454291.478,46523420074.4372,48533659592.1728,41435533340.3883,43047309305.7363,47758736931.7801,53751411409.4447,54751510087.7803,56846622904.4391,66445256585.3671
LUX,Luxembourg,EUR,607728,Luxembourg,Europe,2586.0,703925705.942958,704145671.350213,741509480.796284,791140595.772755,903158753.943622,921600736.304026,968440149.470951,974721762.535327,1066447130.82052,1234878980.502,1457768455.02219,1518773421.37846,1901697369.62698,2609875802.11136,3183637116.81856,3123333333.33333,3423586206.89655,3789321328.08104,4718539771.99949,5516982663.73143,6019805490.41247,5053665797.47936,4602316793.21914,4524217751.47929,4438435492.87908,4577211767.10374,6685595087.59256,8320902215.01891,9418167855.18376,10037674037.674,12778792853.6939,13834219728.293,15518702634.8808,15925521222.0149,17701798890.7644,20853093869.7318,20895314657.9805,19563836265.2233,20150053345.1878,21899317598.8414,21230182989.3036,21387533703.2327,23649833332.1655,29667268248.1305,35064843792.8993,37672280120.4794,42910146296.0646,51587401415.7872,58844277701.5258,54467289897.5582,56213985987.4168,61696281326.2453,59776383527.3602,65203276466.9763,68804811897.6445,60071584216.1375,62216885435.9488,65712180342.9836,71000359760.4611,69825641851.0117,73992591285.3029,85506243833.7816
LVA,Latvia,EUR,1926542,Riga,Europe,64589.0,,,,,,,,,,,,,,,,,,,,,,,,,,,,,,,,,,,,5789128636.62293,5975248851.45482,6527926445.6811,7166275467.65161,7533788133.55753,7958852838.93395,8362398701.58943,9557031605.27512,11771975156.8073,14435700533.368,17003459863.0989,21570076498.6205,31054350977.9784,35854274228.9139,26410909090.9091,23956163076.5575,27474380566.265,28169902669.3784,30204783461.8488,31386896487.0407,27263090547.0617,28083597512.4841,30483806017.8318,34429023435.0211,34343961072.8235,34601740323.3386,39853501579.8211
LBY,Libya,LYD,6678567,Tripoli,Africa,1759540.0,,,,,,,,,,,,,,,,,,,,,,,,,,,,,,,28901836158.1921,31995012468.8279,33881392045.4545,30657030223.3903,28607921928.8175,25544128198.9955,27884615384.6154,30698633109.1343,27249786142.0017,35976714100.9056,38270206950.41,34110064452.1567,20481889763.7795,26265625000.0,33122307692.3077,47334148578.4164,60092950669.9147,68035403136.3852,86708074534.1615,60810211408.0574,75380170508.3675,48167374611.9915,92538004279.9398,75350633010.9303,57372445771.7699,48717854039.9653,49910960874.5685,67158415841.5842,76684175824.1758,69252306372.0232,50357312594.5129,42817472975.3677
MAR,Morocco,MAD,36029138,Rabat,Africa,446550.0,2037150716.33238,2025689536.60705,2379606422.29029,2657247327.3392,2798339768.79755,2948325264.30195,2876395613.08171,3046339294.53611,3271415867.99723,3651615453.01848,3956328426.04486,4356633663.36634,5074117544.77482,6242177798.33938,7675408485.51421,8984824182.60333,9584323309.12136,11049896742.3889,13236854105.1672,15912133569.2852,21728770055.3777,17788171722.4446,17692341358.1272,16251460689.3254,14824728528.4604,14991283215.7408,19462175321.8224,21765261041.7265,25705296183.5037,26314220188.0257,30180108561.9305,32285388165.2999,33711069430.78,31655473663.8348,35604137422.5796,39030285468.3841,43161452678.4383,39147844526.0838,41806219378.6181,41632027599.8531,38857251336.3448,39459581217.3759,42236836820.6152,52064058833.9739,59626020162.3816,62343022650.8742,68640825480.9223,79041294874.4553,92507257783.5697,92897320375.8176,93216746661.5977,101370474295.109,98266306615.3632,106825649872.108,119131365761.393,110414366621.263,111572673973.999,118540548906.314,127341174715.803,128919944681.869,121348138320.276,142866329198.42
MCO,Monaco,EUR,38682,Monaco,Europe,1.95,,,,,,,,,,,293073868.038497,327651487.974965,402460333.247989,523552815.099552,563939670.684242,711922994.25844,735339911.91765,811250927.388123,1000535735.37664,1209898293.39444,1378130995.60185,1205166025.47602,1143229071.83219,1092551781.03673,1037314956.23209,1082851076.49699,1515209588.20845,1839095595.29143,2000674667.1353,2010116851.24167,2481316053.96507,2480598883.85071,2737192565.05576,2574302409.08038,2720310018.90359,3130462610.06703,3137673291.44762,2840175545.06631,2934498443.40672,2906093756.65885,2647885848.5351,2718868306.01093,2968987019.23077,3601321064.55266,4137913500.0,4203084193.50827,4582988332.70606,5867916780.72817,6476490405.74191,5451653237.01028,5367625613.15127,6088808463.25167,5743029680.07195,6555983530.34932,7069616048.89066,6261622101.40908,6472990923.1791,6431314957.07185,7194024563.06094,7383745662.15157,6739691604.79726,8596096984.03312
MDA,Moldova,MDL,3545883,Chisinau,Europe,33843.0,,,,,,,,,,,,,,,,,,,,,,,,,,,,,,,,,,,,1752979926.41489,1695122173.91304,1930081168.83117,1698717504.65549,1170782957.37443,1288429391.79951,1480673594.05602,1661818168.4226,1980907434.76826,2598249555.89984,2988348836.471,3408244549.19999,4401189466.14058,6054849884.52656,5439422031.39627,6974982392.67155,8414351671.95869,8709138764.75916,9496717702.44839,9510198961.57287,7745241912.94722,8071469355.2527,9669741744.22001,11457443185.0542,11971345002.7757,11859730543.5525,13679221333.2052
MNE,Montenegro,EUR,622345,Podgorica,Europe,14026.0,,,,,,,,,,,,,,,,,,,,,,,,,,,,,,,,,,,,,,,,,984297589.359934,1159869245.92513,1284685050.52413,1707710053.14938,2073234417.68066,2257174480.78597,2721903148.91482,3680711743.77224,4545674527.61096,4159330369.5471,4143033275.88493,4544516982.18263,4087725812.66864,4466039314.65002,4594024179.62003,4054712082.54743,4377033429.26721,4856632399.45775,5506766650.92111,5542053845.29274,4769860740.74074,5861268038.7982
MAF,Saint Martin,EUR,37264,Marigot,North America,53.0,,,,,,,,,,,,,,,,,,,,,,,,,,,,,,,,,,,,,,,,,,,,,,,,,,,,775890868.596882,,,772950710.774545,,,,,,,
MDG,Madagascar,MGA,26262368,Antananarivo,Africa,587040.0,673081724.083139,699161943.864184,739286906.85904,759345862.979021,802482182.93232,833563472.170794,900264583.697323,956436931.152034,1031669636.37161,1056391054.5386,1111859569.76149,1199507629.99395,1341590681.57712,1653062347.35142,1917508190.04689,2283049233.30356,2181844193.9391,2358930406.40496,2669755115.52344,3463565881.40858,5201818348.90675,4759333969.81816,4784977348.94327,4686457013.09944,3905938480.86119,3802557894.8719,4347989798.69992,3212900560.76722,3189456961.30819,3175638332.64471,3931334870.67235,3254713056.02171,3714967007.18602,4063298919.2868,3522226902.75861,3838101052.21232,4931861239.07864,4262965281.5836,4401967499.25594,4277903780.29131,4629247090.97816,5438332738.10373,5351701534.15801,6372498719.84613,5064732715.72615,5859269849.14523,6395712392.23682,8524620739.24074,10725137930.8286,9616879571.46431,9982711338.11814,11551819617.6271,11578974887.9562,12423555269.3893,12522957228.1764,11323020828.5758,11848613735.1933,13176313593.5509,13760033096.5211,14104664514.8681,13051441059.3338,14472603322.5571
MHL,Marshall Islands,USD,58413,Majuro,Oceania,181.3,,,,,,,,,,,,,,,,,,,,,,31020000.0,34918000.0,41749000.0,45144000.0,43879000.0,55989000.0,62983000.0,70688000.0,72798000.0,78476000.0,82507000.0,91063000.0,99461000.0,108071000.0,120230000.0,110858000.0,110705600.0,112279400.0,114326300.0,115347500.0,122824000.0,131738200.0,131398500.0,132934600.0,137666300.0,142745200.0,149870000.0,145969100.0,150624900.0,160318500.0,171567100.0,179855800.0,185468000.0,185172900.0,182997300.0,200716000.0,212701200.0,219330300.0,232092300.0,241722400.0,259538700.0
MKD,North Macedonia,MKD,2082958,Skopje,Europe,25333.0,,,,,,,,,,,,,,,,,,,,,,,,,,,,,,,4699646643.10954,4938775510.20408,2436849341.97604,2682456896.55172,3559607241.25816,4707036096.48961,4642018353.67211,3912986090.97363,3765747304.98681,3863621185.97303,3772857145.0248,3709637829.94866,4018365247.44444,4946292774.79046,5682788267.12865,6258600713.82627,6861222331.96317,8336478142.08872,9909548410.82744,9401731495.71661,9407168702.4313,10494632699.3859,9745251126.0109,10817712138.9451,11362272837.8818,10064515432.0265,10672471860.7184,11307058382.3435,12683070061.4695,12606338448.547,12363580534.6811,13825049831.7959
MLI,Mali,XOF,19077690,Bamako,Africa,1240000.0,,,,,,,,275494477.81984,343771973.331357,339913866.633523,359772315.067256,395218629.372336,486617279.362262,563683703.170094,538747340.766661,830710613.857335,939228016.198078,1049838549.9613,1222702571.57931,1595422953.67648,1759691182.94597,1538972426.91311,1333754226.22123,1297765325.81885,1232932104.67093,1392196048.89064,1852163455.53598,2090629984.18361,2169040604.50929,2181821905.94196,2681912149.14767,2724131460.10827,2830673380.79743,2818281080.10984,2081846499.03751,2706425157.92907,2780422047.73085,2697105821.83307,2920358712.64824,3440724707.80834,2961484953.73364,3468337909.17148,3908121459.12749,4714072191.04621,5454249456.70519,6247515449.73015,6905934548.38354,8156469132.86716,9838404004.93274,10231962890.6125,10689167195.3375,12995113407.2335,12442036265.1484,13242691429.5942,14364937996.8661,13104764333.9941,14026048690.7312,15365711725.0672,17070866299.0945,17280251193.9527,17465392915.9153,19140461605.8227
MMR,Myanmar,MMK,53708395,Nay Pyi Taw,Asia,678500.0,,584351384.464088,612517344.756215,659976659.599529,475197381.868256,402619413.648984,317816209.973753,328182434.544961,531186357.405981,551379225.912926,578992638.8291,559378375.675676,634525053.103964,667038769.091964,1000557949.59229,1128484859.02503,1155595925.08513,1000350726.87418,916914661.349421,919525191.636393,1010596805.47618,1064867669.38909,1302701536.67393,1427209835.80133,1354699245.07241,1310837294.25837,1590096758.97152,1448003803.86246,1392547742.82535,1674823310.86252,2036373522.68939,2137184858.04416,2216072577.11344,2809748387.09677,3821535779.81651,4879257847.77122,5759624742.26804,5633070602.54016,4613071494.63459,5643818689.479,6849321645.95623,6220270632.33592,6110632857.66584,7754647428.07323,9390855297.73553,10588433068.8549,11863016315.2934,15591182544.7092,23013015832.1023,29455165594.6859,37796052938.7278,54118601974.7947,58318677644.9492,60572257122.2962,63264892768.3726,63045305229.1046,60291736893.9397,61449392056.1488,67144725830.5753,68697759361.231,78930257227.0908,65091751273.2879
MNG,Mongolia,MNT,3170208,Ulaanbaatar,Asia,1565000.0,,,,,,,,,,,,,,,,,,,,,,2310099100.0,2552401933.33333,2725736633.33333,2098734600.0,2186505475.0,2896178866.66667,3020611600.0,3204461566.66667,3576966800.0,2560785660.0,2379018326.31579,1317611863.84977,768401634.154573,925817092.217484,1452165005.2384,1345719472.35883,1180934202.83801,1124440248.9783,1057408588.68269,1136896123.61298,1267997934.3125,1396555719.97409,1595297355.78349,1992066808.09598,2523471532.01083,3414055566.1138,4234999823.30839,5623216448.86852,4583850367.88972,7189481824.07288,10409797649.3063,12292770631.1967,12582122604.1921,12226514722.0861,11619892396.0767,11181350461.4723,11480847745.3187,13178094459.4548,14206359006.8095,13312981594.573,15286441818.1437
MAC,Macao,MOP,631636,Macao,Asia,254.0,,,,,,,,,,,,,,,,,,,,,,,1142503774.61531,1133008225.93178,1304353236.9266,1362079311.89678,1532097039.88419,1957726784.68876,2288759545.30756,2705659766.73845,3246477995.26244,3765226190.92238,4914391079.11142,5665570560.77112,6311194301.7223,7046110595.14546,7176892950.39164,7267563602.6231,6797764074.79822,6547629474.84328,6774193548.3871,6860272608.45211,7371723056.2402,8246521717.44876,10643215078.1581,12160002995.8433,14874147024.2708,18439876056.1978,21027044550.5667,21587740941.5979,28241858488.9155,36845925519.4433,43189526777.5567,51536304807.6803,54903031137.7096,45047964934.2517,45070605746.0194,50440941938.6992,55284360483.1217,55204758069.5124,25459563655.4806,30123914808.5691
MNP,Northern Mariana Islands,USD,56882,Saipan,Oceania,477.0,,,,,,,,,,,,,,,,,,,,,,,,,,,,,,,,,,,,,,,,,,,1284000000.0,1239000000.0,1210000000.0,1061000000.0,990000000.0,938000000.0,939000000.0,795000000.0,799000000.0,729000000.0,746000000.0,772000000.0,832000000.0,910000000.0,1230000000.0,1560000000.0,1302000000.0,1182000000.0,,
MRT,Mauritania,MRU,4403319,Nouakchott,Africa,1030700.0,,159213140.004051,164271590.835712,168186331.270673,224495789.256207,255340526.737952,266533659.152642,282615367.46074,311396000.315982,295062138.074299,309405316.058687,335569088.717811,391669449.251139,493237544.355137,613010958.147763,703378653.356286,775046377.587057,799029666.594278,804629876.761441,951900945.208912,1047924649.1165,1105495368.37572,1108776010.2532,1165170625.65109,1074373735.44942,1009723326.31511,1186628778.51429,1344665270.69518,1414951854.08606,1450647019.18099,1506914407.82047,2133688270.32436,2164292208.16528,1847350611.72458,1944876755.00708,2091731420.68923,2132081881.91398,2072001066.8212,2032345831.83005,1985924386.91448,1779523344.34106,1746064718.79169,1777058592.98812,2051147606.73687,2362501023.24249,2936019525.60241,3919577285.92703,4346206808.54026,5206444406.66154,4714592492.92972,5628882266.37767,6764635686.79345,6728208836.22143,7223063169.72749,6592537781.81518,6166857628.62212,6398738829.24531,6800141921.64137,7473550557.07378,8066126312.31807,8405491201.74674,9996249658.23982
MLT,Malta,EUR,483530,Valletta,Europe,316.0,,,,,,,,,,,250721821.553678,264579879.784878,295118249.324933,345602025.375393,376094108.475331,474620439.58496,527936988.791275,625573345.532174,793675169.878579,1001300838.32335,1250242107.87969,1243469360.56838,1234518125.0,1165771369.00625,1101828568.76804,1117835285.50512,1435079200.34957,1751247763.41948,2019474244.19359,2118574772.11136,2547163582.33149,2750041434.26295,3021910216.71827,2709178326.78271,2998570146.54095,3461332684.8249,3585755121.48642,3722389055.72239,3958227428.44513,4155187257.85622,4323339212.2281,4355146427.54937,4693495693.49569,5489359280.75566,6116591928.25112,6407287650.7897,6778321415.12985,7925403777.71694,9090376446.46258,8696304529.03584,9035927349.8608,9638919821.82628,9462289605.55056,10551600478.1511,11626278729.9057,11091423499.3898,11668253265.4417,13489380930.8631,15298771846.9532,15725847979.4022,14933066818.9606,17364044943.8202
MUS,Mauritius,MUR,1265303,Port Louis,Africa,2040.0,,,,,,,,,,,,,,,,,704033525.405972,823634464.910024,1015365145.29554,1211141231.11555,1131788191.50736,1142393554.52358,1078408829.616,1090276947.25872,1040557089.33864,1076121094.38239,1462900255.4506,1880852914.22714,2134517067.65295,2181930254.82301,2653480001.34558,2856890680.60285,3224267547.80508,3263368410.01813,3558137040.37772,4040345933.2923,4421943910.49749,4187367601.73431,4169664285.38681,4343710332.80658,4663313620.01707,4613630622.77501,4841310239.63687,5816553826.85519,6578844486.06288,6488750452.60067,7028803365.70151,8150138757.15741,9990370016.30771,9128843109.15588,10003670690.3497,11518393367.2403,11668685524.1265,12292957324.4217,13074137210.3352,12007291045.6489,12594149440.5195,13713509312.2669,14735695930.9727,14436353897.9802,11401050654.5624,11529042672.3528
MDV,Maldives,MVR,515696,Male,Asia,300.0,,,,,,,,,,,,,,,,,,,,,42463576.1589404,44781456.9536424,47911119.7847694,57829787.2340426,109503546.099291,127190757.959989,141882254.230178,141223029.383064,168514513.375071,189514434.244,215043969.849246,244396761.92334,284874919.577641,322417837.161971,356013395.70854,398988954.970263,450382327.952421,508223602.378929,540096397.621071,589239753.610875,624337145.284622,870030468.628748,897031250.0,1052121054.6875,1226829562.5,1163362437.5,1575200390.625,1868383460.9375,2271646187.5,2345294875.0,2588176054.6875,2774351760.03287,2886170571.69634,3295011381.75405,3697351596.83753,4109424799.72407,4379136461.83077,4754175869.24027,5300962659.51088,5609400721.62268,3746321936.37729,5405576235.79462
MWI,Malawi,MWK,17563749,Lilongwe,Africa,118480.0,162956740.865183,174576508.469831,183116337.673247,190816183.676326,194736105.277894,229455410.891782,260394792.104158,269814968.240817,245169806.792272,265810632.425297,290531621.264851,365386929.835119,406062874.251497,444281703.893568,548621017.593913,613220652.928919,670317634.173056,806290840.624654,949034016.830627,1058269065.98115,1237655461.1501,1237685691.94683,1180104216.01137,1223186840.31324,1208008985.42522,1131347798.26653,1183654827.79002,1183094127.76747,1379924257.21313,1590215582.53307,1880771556.30474,2203545856.66893,1799517081.56412,2070636935.58644,1181802596.03498,1397457932.30697,2281034131.36493,2663234933.89767,1750584265.28754,1775921718.10534,1743506531.32652,1716502862.2954,3495748397.63025,3208837077.25069,3476094498.87517,3655909664.1423,3998020176.67364,4432937045.79897,5321012192.33619,6191127665.1963,6959655570.89098,8004000737.30717,6028487928.83351,5518880768.57955,6047813437.31804,6373212640.84604,5433040159.88747,8943543677.18899,9880675785.93057,11025371147.1876,12182348212.7073,12626717491.8941
MEX,Mexico,MXN,126190788,Mexico City,North America,1972550.0,13040000000.0,14160000000.0,15200000000.0,16960000000.0,20080000000.0,21840000000.0,24320000000.0,26560000000.0,29360000000.0,32480000000.0,35520000000.0,39200000000.0,45200000000.0,55280000000.0,72000000000.0,88000000000.0,89025974025.974,81814159292.0354,102500000000.0,134561403508.772,205139086956.522,263959336734.694,184609157801.418,156159198584.513,184261495828.367,195219789801.479,134550096436.744,147540738281.817,181611549975.804,221400669713.589,261253582805.945,313142768453.485,363157598242.27,500736065605.341,527813238126.278,360073909243.855,410975595310.156,500413483109.175,526502129378.284,600232874042.927,707906744574.644,756706300589.791,772106378935.377,729336319677.449,782240601984.76,877476221382.101,975387131716.089,1052696282278.87,1109989063586.62,900045350649.351,1057801295584.05,1180489601957.61,1201089987015.45,1274443084716.57,1315351183524.54,1171867608197.72,1078490651625.31,1158913035796.37,1222408203104.3,1269011767478.56,1090515389749.41,1272839334119.3
MYS,Malaysia,MYR,31528585,Kuala Lumpur,Asia,329750.0,1916241996.60264,1901868548.28172,2001502678.6881,2510126747.68065,2674441395.53116,2956356984.18921,3143538481.64119,3188945511.56409,3330393309.81315,3664575983.27453,3864170913.36731,4244340333.51899,5043268548.73032,7662996766.66803,9496074114.07918,9298800799.46702,11050125904.9418,13139397879.1695,16358376511.2263,21213672089.1976,24488033442.0506,25004557093.8761,26804401815.5348,30346788437.5135,33943505717.6993,31200161095.4491,27734562640.4277,32181695507.2234,35271880250.4964,38848567631.4235,44024178343.0071,49143148094.2683,59167550162.956,66894837030.4184,74478356957.7808,88705342902.7113,100855393910.486,100005323301.867,72167498980.8398,79148421052.6316,93789736842.1053,92783947368.4211,100845526315.789,110202368421.053,124749473684.211,143534102611.497,162691238209.476,193547824063.3,230813897715.69,202257625195.063,255016609232.871,297951960784.314,314443149443.149,323277158906.979,338061963396.376,301354756113.174,301255454041.415,319112175611.571,358791603677.728,365175135787.568,337337932675.152,372980957208.023
MOZ,Mozambique,MZN,29495962,Maputo,Africa,801590.0,,,,,,,,,,,,,,,,,,,,,,,,,,,,,,,,3633406064.83095,2639953230.54915,2729550591.08977,2796549978.47183,2899922841.66085,3856799844.1609,4648832184.06736,5263877520.08489,5976408043.77265,5656473652.41147,5398568543.63492,5677003239.29386,6303391143.83386,7631120533.36168,8542070109.70903,9176889070.42298,10450843291.2931,12556195188.5962,11914471497.1492,11104648673.0016,14381552432.9494,16350804543.0515,16974320551.0213,17716084107.5888,15950969018.9458,11936999283.1791,13219084261.3664,14845402473.5521,15390039241.674,14028811071.7628,15776758632.8573
NAM,Namibia,NAD,2448255,Windhoek,Africa,825418.0,,,,,,,,,,,,,,,,,,,,,2422096074.60195,2249854739.97265,2118741468.87088,2297400687.55049,1951229617.56931,1608219310.31543,1809073861.75055,2300105497.10216,2495059627.44667,2535113565.48595,2789944497.97086,2996885561.14873,3429538534.36185,3251230620.92603,3666501464.45871,3978497753.02583,3989208661.87519,4154955685.76389,3873098656.00637,3868541599.14887,3922247989.85562,3557333364.30795,3349184760.02543,4926471294.30116,6609198832.76313,7248394160.35502,8001779551.06323,8839526451.57632,8607475308.11833,8938868165.39165,11431334447.4305,12523402328.7671,13042007432.4489,12043276401.4161,12435416063.4689,11335179560.987,10721994676.2429,12895153157.3463,13682062250.8152,12541928104.6242,10581585630.0773,12310595843.9353
NCL,New Caledonia,XPF,284060,Noumea,Oceania,19060.0,,,,,,159594492.305421,164206536.282355,180036767.470358,215507162.355259,263108841.079319,358815683.716576,413985777.685123,506808996.960104,542293400.029889,637403479.730466,816652167.281991,798313524.684948,837620127.336728,846004692.263586,1047225724.45385,1182463958.69814,972564156.970676,904599871.542715,823857894.292764,796066192.88484,854820894.100386,1201321509.28302,1488093104.4984,2072775508.14796,2185082943.45154,2529440424.29422,2653781629.2631,2923883311.46345,2822244192.11073,3038727541.99762,3628441984.43927,3606968707.46398,3291130071.54057,3556305296.84759,3647802505.91916,3420033046.95784,3297734668.3899,3740057132.98621,4915355784.02368,5895011251.5675,6238632283.76502,6979153331.71296,8819922042.42417,9067623001.04885,8704436169.14341,9364347372.04626,10351442208.992,9659153061.35633,10151385305.7645,10635039738.6899,8738205836.7394,8724570249.74306,9173668102.13844,9846922416.14776,9438130987.37298,9435529927.2471,10071351960.0477
NER,Niger,XOF,22442948,Niamey,Africa,1267000.0,449526872.562553,485785234.940376,531736492.909178,586294761.493516,582816358.347155,673383604.238783,702296184.361344,665586975.088302,641214210.668969,625867922.677513,649916708.242418,693573595.320975,742779740.393512,946385033.011918,1026136974.47536,1048690933.21027,1064517574.56042,1291457973.12517,1774365275.18226,2109278101.9887,2508524186.43352,2170893038.90053,2017611927.4037,1803099731.54257,1461243212.42814,1440581533.7564,1904097020.29333,2233005822.58534,2280356338.22867,2179567107.50159,3512356353.0798,3285796979.79737,3386232592.01834,3052673622.85839,1938058161.25116,2302537682.18029,2405687081.12795,2290318800.33457,2643363406.97664,2537790022.73535,2241753120.21267,2448714680.56221,2782192986.95772,3394084884.67098,3760443965.72976,4383315656.99096,4756361479.98873,5731485267.33492,7297600896.86099,7352131669.2941,7851191899.3408,8772951261.81807,9426913349.22319,10224897934.722,10862944203.5591,9683867893.68343,10398862244.9737,11185102399.5762,12808660528.0617,12916455161.1081,13744174689.9681,14915001426.9724
NGA,Nigeria,NGN,195874740,Abuja,Africa,923768.0,4196092258.15484,4467200335.99328,4909302953.94092,5165489010.2198,5552822483.55033,5874422511.54977,6366792664.14672,5203135937.28125,5200895982.08036,6634187316.25367,12545849083.0183,9181769911.50443,12274416017.7976,15162871287.1287,24846641318.1242,27778934624.6973,36308883248.731,36035407725.3219,36527862208.7133,47259911894.2731,64201788122.6054,164475209515.939,142769363314.176,97094911792.0489,73484359521.4887,73745821158.2254,54805852580.9129,52676041931.1087,49648470440.4593,44003061108.4005,54035795387.8086,49118433047.5318,47794925814.7558,27752204320.0883,33833042987.7582,44062465800.1706,51075815092.5,54457835193.4927,54604050168.1818,59372613485.6576,69448756932.5833,72797282065.0415,95054094655.3277,104738980156.958,135764715375.206,175670536601.006,238454952231.572,278260808841.03,339476215683.592,295008767295.038,366990528103.078,414466540786.738,463971000388.612,520117163617.721,574183825592.358,493026782401.561,404649048648.026,375745732274.676,421739210176.152,448120015209.524,432198936002.177,440833583992.485
NIC,Nicaragua,NIO,6465513,Managua,North America,129494.0,223854666.666667,240524723.428571,265291588.666667,292916241.142857,341973758.857143,566542872.357143,606671444.0,657171436.714286,695899980.428571,747971449.571429,776585681.071429,826571413.428571,880842890.071429,1093571441.5,1520900045.14286,1590428522.64286,1847871371.71429,2239857060.57143,2142128603.78571,1527852635.63158,2189347367.52632,2448290109.65,2465165179.69565,2743341724.08333,3105517091.41379,2683816288.83721,2885710608.87417,3851213727.71428,2631096767.03252,1013184745.70715,1009455483.87097,1488804123.71134,1792800000.0,1756454248.36601,3863185119.04762,4140470000.0,4308351902.78601,4389965590.96538,4635267224.84195,4855717874.68247,5107329007.0922,5323146565.70315,5224213017.54386,5322454925.84746,5795568204.64532,6321335612.22233,6763361732.88486,7423313548.52698,8496946608.23151,8298679908.55232,8758639096.47693,9774307336.23792,10532006608.1447,10982979274.1922,11880434070.7811,12756706583.3113,13286083644.8761,13785909906.1925,13025239912.2751,12596636042.2321,12586970511.4131,14013022092.0645
NLD,Netherlands,EUR,17231017,Amsterdam,Europe,41526.0,12276734172.0828,13493833739.9949,14647057370.1418,15891241386.291,18699380731.3465,21000586933.2041,22867203317.4022,25087562181.3218,27817605743.2503,34035946604.1815,38164716625.0685,44579122807.0175,54706557264.4878,71840909664.1968,87243413394.5405,100249523353.085,109168720620.103,127016990212.804,155859695457.323,179669405690.432,195152092662.381,164134217080.279,158479527935.958,153445465987.182,143912664148.352,143845822717.622,200862095700.666,245046310922.541,261910508417.884,258336705808.999,318330511920.61,327500327675.625,362962872180.451,353550169672.52,379130260322.073,452301674444.139,450490196078.431,416812740004.518,438008220395.468,447049523049.808,417479337444.707,431586852369.686,473861980070.981,580070360701.96,658380081545.175,685348181515.953,733955269898.823,848558887541.179,951869997864.062,871518638049.218,847380859016.668,905270626332.687,838923319919.531,877172824534.512,892167986713.722,765572770634.375,784060430240.08,833869641687.06,914043438179.607,910194347568.626,909793466661.481,1012846760976.73
NOR,Norway,NOK,5314336,Oslo,Europe,324220.0,5163271598.15702,5632460936.54576,6066976682.67364,6510239502.76489,7159202706.48027,8058681060.159,8696460205.3397,9514496703.39762,10159934136.7838,11063065083.4888,12814123115.2613,14583114840.0629,17358610849.701,22534253702.8686,27145693810.1341,32877805200.023,35942270686.3374,41508030431.1074,46523091009.6713,53132244623.9213,64439382896.0156,63596654760.8677,62647195537.6511,61627240831.0948,62057955032.7758,65416879914.3907,78693253275.995,94230055658.6271,101900260856.222,102633789557.535,119791683307.507,121872464483.487,130838040067.584,120579072750.596,127131461119.927,152029612324.788,163520109150.671,161356631888.484,154163364302.66,162284465073.341,171247131268.604,173972218824.027,195524186477.617,228858506821.841,264511630666.983,308884284051.222,345581369965.54,400937100158.657,462250000000.0,386190385318.767,428757038466.841,498283438454.281,509506317146.541,522761531914.894,498410050251.256,385801550067.169,368827142857.143,398393955268.99,436999692591.454,404941363636.364,362198318435.26,482174854481.956
NPL,Nepal,NPR,28087871,Kathmandu,Asia,140800.0,508334413.965087,531959561.62226,574091101.194382,496947904.443033,496098775.308642,735267082.294264,906811943.824649,841974025.462659,772228643.405428,788641965.432099,865975308.641975,882765471.604938,1024098804.93827,972101724.995368,1217953546.97604,1575789254.46938,1452792989.10865,1382400000.0,1604162497.45945,1851250008.33333,1945916583.33333,2275583316.66667,2395429852.43076,2447174803.37791,2581207387.79709,2619913955.51556,2850784523.37711,2957255379.54315,3487009748.35638,3525228153.17361,3627562402.66027,3921476084.89072,3401211581.29176,3660041666.66667,4066775510.20408,4401104417.67068,4521580381.47139,4918691916.53516,4856255044.39064,5033642384.10596,5494252207.90502,6007055042.17687,6050875806.66403,6330473096.54071,7273938314.71988,8130258041.46706,9043715355.8881,10325618017.379,12545438605.3959,12854985464.0764,16002656434.4746,21573862466.8268,21703106501.9674,22162208956.1412,22731602969.9687,24360795410.6422,24524098184.648,28971589213.2184,33111525871.9538,34186190995.9565,33433670511.9364,36288830373.4106
NRU,Nauru,AUD,12704,Yaren District,Oceania,21.0,,,,,,,,,,,,,,,,,,,,,,,,,,,,,,,,,,,,,,,,,,,,,,,,,,,47564520.3910861,66055407.6703145,96927201.4848422,98491843.6441982,104654365.188653,86529661.3694983,99723394.9628767,109359680.217211,124021393.690412,118724073.809183,114626625.553023,133218896.932607
NZL,New Zealand,NZD,4885500,Wellington,Oceania,268680.0,5485854791.97096,5670064168.21773,6077496267.76294,6638937283.13963,7274144350.81809,5654463586.00366,5863733230.97616,5961418093.53003,5180597620.64135,5761588761.69421,,7911136757.06867,9567331064.65727,12802281897.8712,13940981798.1247,12861983284.3912,13604832424.0062,15446825318.4556,18530518394.6488,20731243113.2926,23244547384.6748,24417617184.2478,24164603058.9949,24309279705.5731,21665975318.8842,24679795396.4194,30604668356.5695,40376354069.9474,45176811594.2029,43920222524.7085,45495129385.0475,42745329732.163,41649829859.6342,46775620817.4327,55314732279.1379,63918703506.9075,70140835299.0148,66075143415.4952,56227169851.0448,58762260625.8758,52623281956.7031,53872425916.6248,66627729311.4495,88250885550.2626,103905210084.034,114720129550.095,111538810712.665,137188946865.584,133131369930.414,121373602348.679,146517541181.254,168291357111.739,176206659722.524,190906575136.003,201313497220.917,178064471137.921,188838342527.975,206623758800.159,211953111035.513,213434571357.984,211734532308.013,249885687029.634
OMN,Oman,OMR,4829483,Muscat,Asia,212460.0,,,,,,63287594.5113414,67768132.1758611,107152720.243027,188864890.808735,239980801.535877,256299496.040317,301010587.102984,366857738.40542,483033932.135729,1645917776.49102,2096699189.34569,2560220034.74233,2741169947.88651,2740301389.69311,3733352634.62652,5981760277.93862,7259120150.55009,7554719455.70353,7932541690.79328,8821366531.55762,10005500579.0388,7323822251.3089,7811183094.92848,8386215864.75943,9372171651.49545,11685045513.6541,11341482444.7334,12452275682.7048,12493107932.3797,12918855656.697,13802600780.2341,15277763328.9987,15837451235.3706,13996914694.4083,15593456176.8531,19507452535.7607,19452000520.156,20142756046.814,21633708192.4577,24763712873.8622,31081991677.5033,37215779713.9142,42085379453.8362,60905452535.7607,48388363589.0767,64993498049.4148,77497529258.7776,87408842652.7958,89936020806.2419,92699089726.9181,78710793237.9714,75128738621.5865,80856697009.1027,91505851755.5267,88060858257.4772,75909397659.2978,88191977373.212
PAN,Panama,PAB,4176873,Panama City,North America,78200.0,537147100.0,599026300.0,652120900.0,722784500.0,776137500.0,852485300.0,928833000.0,1034376400.0,1112791100.0,1221305700.0,1351006400.0,1523917200.0,1673411700.0,1913793400.0,2188307600.0,2435304100.0,2588106000.0,2738261900.0,3244558600.0,3704551600.0,4614086400.0,5222421500.0,5769767900.0,5923755900.0,6183387100.0,6541517100.0,6797834200.0,6827665300.0,5902783400.0,5918469800.0,6433967000.0,7074675500.0,8042337700.0,8782585400.0,9365289800.0,9573813700.0,9870494000.0,10677286100.0,11575486400.0,12130252200.0,12304115000.0,12502013400.0,12994310400.0,13693981200.0,15013381700.0,16374393900.0,18141666300.0,21295984200.0,25155888600.0,27116635600.0,29440287600.0,34686224300.0,40429700000.0,45599900000.0,49921400000.0,54091800000.0,57907700000.0,62202700000.0,64929400000.0,66984400000.0,53977000000.0,63605100000.0
PER,Peru,PEN,31989256,Lima,South America,1285220.0,2571908062.08791,2899654840.37313,3286773187.87313,3600957771.15672,4356913870.14925,5166861068.28358,6113607727.98507,6204253758.60927,5736083835.14212,6420909789.66408,7432223176.74419,8289582883.46253,9189413409.04393,10994381894.832,13858441211.1111,16877163792.0988,15947709379.6099,14620386674.2243,12519809967.3077,15934081741.3333,18127754429.0657,21664528002.6066,21781007709.1691,17330726371.1656,17584444209.7983,16548827018.0,15244232958.0,20702298397.0,15439408447.2,22499559086.0587,26410386669.3532,34341465998.2003,35966302303.263,34832077220.8537,44882079766.8913,53312793687.3836,55252414130.3019,58147522522.5225,55501467877.381,50187324567.883,51744749133.213,52030158775.4055,54777553515.0809,58731030121.8671,66768703497.5687,76060606060.6061,88643193061.748,102170981144.136,120550599815.441,120822986521.479,147528937028.778,171761737046.585,192648999090.082,201175469114.327,200789362451.567,189805300841.603,191895943823.887,211007207483.515,222597212925.211,228323495040.901,201705055938.653,223249497500.387
PYF,French Polynesia,XPF,277679,Papeete,Oceania,4167.0,,,,,,176534588.228022,215659453.337117,220984367.407479,259590074.270556,242943782.903497,254036000.501029,296865513.098185,326433558.24705,431252938.194066,555340843.938907,690323390.965876,732288909.021386,793196379.445753,1005569840.75191,1215032464.69436,1320416033.30855,1234743075.74159,1235897960.37494,1284180702.77051,1325515441.99535,1448281229.04505,2212028291.3044,2677977168.6026,2723496362.04645,2731683490.10787,3320159522.5334,3410080197.42321,3713785803.98303,3544609064.32268,3676122768.4136,4186995956.12233,4166073142.70347,3762857710.78763,3903187102.44617,3911602493.19941,3599846538.85626,3573808314.66386,3965405961.3847,4927782568.43352,5564112127.52063,5705054692.09373,5877996247.88378,6631160061.09816,7136743972.79639,6584556511.65672,6086643040.44971,6203936563.33402,5692858773.21803,6031828532.37945,6151998957.96572,5325848045.4324,5497037292.63831,5833351477.8985,6135117589.07754,6001384759.57628,5709421968.74051,6054676735.37523
PNG,Papua New Guinea,PGK,8606316,Port Moresby,Oceania,462840.0,230496032.981216,244832035.032526,261184037.372302,275968039.487715,305312043.68649,344159480.344943,390973233.284802,441706910.068317,485160824.280435,551237316.608803,645537126.217942,717716130.493883,858802035.928144,1299105240.73285,1467346059.99713,1356591176.85561,1511856584.25833,1640763204.44781,1947947524.33347,2293621944.36639,2545983007.89984,2498068350.66865,2368584969.53284,2562492524.81761,2552526263.0759,2423373088.07358,2648033765.69899,3143848331.31402,3655979702.45646,3546460176.99115,3219730364.99623,3787394957.98319,4377980510.05598,4974550286.18152,5502786069.65174,4636057476.42568,5155311077.38998,4936615298.79367,3789443014.61662,3477038204.01733,3521339699.07407,3081024212.42924,2999511040.19764,3536411824.2958,3927157866.96465,4865892972.27595,8355006706.57899,9545177014.1301,11670840931.8173,11619637798.991,14250755231.1257,17984910501.8979,21295659243.6168,21261432791.2675,23210682538.3928,21723531173.2409,20759069103.0961,22742613553.6879,24109509852.7402,24751344560.8856,23848265895.9538,26594305745.554
PHL,Philippines,PHP,106651922,Manila,Asia,300000.0,7515886650.62035,8171186334.65347,4954529277.07288,5505055617.58388,5953766853.70844,6517304758.00675,7189017887.69231,7724873935.12821,8632749269.48718,9571800652.5641,7559179530.34229,8375086047.07931,9067872578.95368,11412421019.6409,15607825071.0824,16875240683.5083,19380945792.5084,22283185055.6546,25762077665.6982,31218507869.8746,36848242784.3012,40499645207.3523,42206011275.1757,37759237657.8149,35730202751.1124,34961565262.5582,33987178952.4029,37791442730.5921,43152077817.6509,48513735778.6601,50508286641.5746,51784207132.0955,60422309295.4434,62036625222.1624,73159245525.6424,84644220101.4991,94648084429.0341,94106183450.0029,74492325248.0247,85640133799.7902,83669693589.1547,78921234457.5487,84307291973.8158,87039145965.2826,95002028504.6904,107419961717.693,127652859201.041,155980378253.634,181624577154.679,175974711592.145,208368726861.407,234216930369.796,261920509950.555,283902728260.716,297483247101.038,306446140628.709,318626761492.867,328480867142.69,346842094175.24,376823278560.849,361751116292.541,394086401171.168
PAK,Pakistan,PKR,212215030,Islamabad,Asia,803940.0,3749265014.69971,4118647627.04746,4310163796.72407,4630827383.45233,5204955900.88198,5929231415.37169,6561108777.82444,7464510709.7858,8041999160.0168,8683116337.67325,10027509449.811,10665896682.0664,9415016359.56604,6383429490.21091,8899191919.19192,11230606060.6061,13168080808.0808,15126060606.0606,17811515151.5152,19688383838.3838,23654444444.4444,28100606060.6061,30725971563.981,28691889763.7795,31151825467.4978,31144920844.3272,31899070055.7967,33351529274.6869,38472742808.3167,40171018229.0715,40010423970.4576,45625234697.7094,48884606848.1265,51809949334.2396,52293456906.2665,60636022422.6176,63320122807.1223,62433300338.0941,62191955814.3478,62973855718.8874,82017743416.2841,79484403984.8849,79904985384.8652,91760542940.0717,107759683863.123,120055291992.938,137264061106.043,152385716311.916,170077814106.305,168152775283.032,177165635077.065,213587413183.996,224383620829.57,231218567178.979,244360888750.807,270556131701.171,313629858859.587,339205615769.187,356128224957.085,320909489229.723,300425666773.043,348262544719.178
POL,Poland,PLN,37978548,Warsaw,Europe,312685.0,,,,,,,,,,,,,,,,,,,,,,,,,,,,,,,65977749036.9844,85500935934.9901,94337050693.2727,96045645026.178,110803391516.698,142292783505.155,160193242090.427,159357789772.207,174685791563.561,170031005016.259,172219461126.067,190905493539.168,199072058823.529,217827260805.842,255110181539.808,306144336269.51,344622003093.581,429028505365.078,533609081852.897,439737508413.192,475696613935.595,524382678547.32,495236910793.797,515764728216.161,539087652559.835,477111287969.227,470022572790.91,524645833884.582,588782567765.872,596054591863.312,599449188399.108,679444832854.295
PRI,Puerto Rico,USD,3195153,San Juan,North America,9104.0,1691900000.0,1865100000.0,2094400000.0,2333600000.0,2570500000.0,2881500000.0,3170500000.0,3532700000.0,3941700000.0,4460700000.0,5034700000.0,5646800000.0,6328900000.0,7002400000.0,7684800000.0,8198300000.0,8968600000.0,9910900000.0,11165000000.0,12750000000.0,14436100000.0,15955700000.0,16764200000.0,17276600000.0,19162600000.0,20289200000.0,22009300000.0,24025800000.0,26385800000.0,28161200000.0,30603919000.0,32287031000.0,34630430000.0,36922456000.0,39690630000.0,42647331000.0,45340835000.0,48187039000.0,54086400000.0,57841000000.0,61701800000.0,69208400000.0,71623500000.0,74827400000.0,80322313000.0,83914521300.0,87276164400.0,89524131600.0,93639300000.0,96385600000.0,98381300000.0,100351700000.0,101564800000.0,102450000000.0,102445800000.0,103375500000.0,104336700000.0,103445526000.0,100958100000.0,105126400000.0,103020300000.0,106525700000.0
PSE,Palestine,ILS,4569087,,Asia,5970.0,,,,,,,,,,,,,,,,,,,,,,,,,,,,,,,,,,,2843300000.0,3282800000.0,3409600000.0,3759800000.0,4067800000.0,4271200000.0,4313600000.0,4003700000.0,3555800000.0,3968000000.0,4603100000.0,5125700000.0,5348300000.0,5815700000.0,7310400000.0,8085700000.0,9681500000.0,11186100000.0,12208400000.0,13515500000.0,13989700000.0,13972400000.0,15405400000.0,16128000000.0,16276600000.0,17133500000.0,15531700000.0,18036800000.0
PRT,Portugal,EUR,10281762,Lisbon,Europe,92391.0,3193200404.37297,3417516639.37596,3668222357.65702,3905734459.72693,4235608177.67102,4687464054.83455,5135387845.97108,5740241165.63433,6354262628.33537,6969025825.62868,8108235704.32357,9201604240.28269,11239117865.0852,15090564186.4268,17512391475.9274,19347607843.1373,20332831564.9867,21439523310.6338,23487614051.0949,26622819672.1311,32896519823.7885,31977276872.9642,30527754793.1382,27239650741.9472,25217969049.5755,27115807742.0873,38745901353.7059,48182925857.4071,56347250696.3788,60594092182.3275,78713860216.5659,89233599278.4792,107592098307.098,95009751901.2592,99688641304.3478,118122007430.012,122630089680.27,117016535162.95,123946327916.296,127470385557.184,118605192877.388,121604107164.997,134795565549.419,165226175536.793,189382122532.169,197253876704.921,208756449275.848,240496147317.381,263416394624.084,244667762835.543,238113003233.284,245117990242.248,216224240577.957,226433858005.714,229901964221.884,199394066525.44,206426152308.931,221357874718.93,242313116577.967,239986922638.902,229031860520.777,253663144586.019
PLW,Palau,USD,17907,Ngerulmud,Oceania,458.0,,,,,,,,,,,,,,,,,,,,,,,,,,,,,,,,,,,,,,,,,146297500.0,156907900.0,163184900.0,153963200.0,165186200.0,190452900.0,192382400.0,198897700.0,198283900.0,187522800.0,185943000.0,196911100.0,212397800.0,221117200.0,241669800.0,280457700.0,298300000.0,285600000.0,284900000.0,278900000.0,251900000.0,217800000.0
PRY,Paraguay,PYG,6956071,Asuncion,South America,406750.0,,,,,,443587301.587302,465888888.888889,492674603.174603,517650793.650794,556293650.793651,594611111.111111,664571428.571429,769039682.539683,995531746.031746,1333475396.8254,1511420634.92063,1698960317.46032,2092158730.15873,2559857142.85714,3416777777.77778,4448087301.5873,5624515873.01587,5419411764.70588,5673248726.16438,4502462807.13993,3282449235.76129,3723993942.79088,3971044723.8024,4255683528.33333,4757732199.96213,5812114523.01187,6984367762.90371,7157424031.06045,7249533620.30614,7870982004.8195,9062131475.02318,9788391780.52421,9965225678.05093,9260481572.42462,8837070235.51892,8855705139.55857,8495806432.18467,7196260656.84556,7691367471.17992,9624440836.29309,10737500188.1123,13429430050.261,17856393235.4338,24615267663.5456,22355151161.994,27260886405.2263,33756238766.5,33271921136.315,38501122141.4241,40377929295.6419,36211447840.0971,36089700222.9461,38997129473.5558,40225448340.6322,37925338329.1494,35432178068.1814,39495431574.1782
QAT,Qatar,QAR,2781677,Doha,Asia,11437.0,,,,,,,,,,,301791301.791302,387700084.245998,510259940.720474,793884368.040437,2401403227.44085,2512784033.37828,3284301332.18953,3617580171.76055,4052000412.70087,5633000318.02401,7829094613.07082,8661263763.73626,7596703214.28571,6467582307.69231,6704395824.17582,6153296456.04396,5053021950.54945,5446428681.31868,6038187032.96703,6487912087.91209,7360439423.07692,6883516483.51648,7646153983.51648,7156593653.84615,7374450769.23077,8137911978.02198,9059340384.61539,11297802115.3846,10255495027.4725,12393131868.1319,17759890109.8901,17538461538.4615,19363736263.7363,23533791208.7912,31734065934.0659,44530494505.4945,60882142857.1429,79712087912.0879,115270054945.055,97798351648.3516,125122306346.154,167775268626.374,186833502362.637,198727642967.033,206224598571.429,161739955576.923,151732181868.132,161099122225.275,183334953818.681,175837550989.011,144411363345.27,179677211793.938
ROU,Romania,RON,19473936,Bucharest,Europe,237500.0,,,,,,,,,,,,,,,,,,,,,,,,,,,,38413636363.6364,40809523809.5238,42105263157.8947,38995454545.4545,28998684210.5263,25121666666.6667,26362894736.8421,30074440483.3837,37435317265.1254,36937074278.3004,35574916294.6429,41694118972.5101,35952781582.2083,37253259016.9976,40394824679.1232,46066101951.2933,57806506024.0964,74972669056.5922,98452791982.7024,122022997508.01,174585202805.233,214313628965.024,174103695930.213,170029359010.667,192614085153.841,179132893143.417,189790228071.757,199712289501.971,177882417554.984,185286854552.621,210146748920.419,243317079358.636,251019278416.197,251362040527.804,284087563695.798
SRB,Serbia,RSD,6982084,Belgrade,Europe,88361.0,,,,,,,,,,,,,,,,,,,,,,,,,,,,,,,,,,,,16832598870.0565,21818007448.7896,25676487999.5941,19457979423.376,19388663551.0012,6875845986.52121,12960538723.7591,17120906918.3503,22482365321.7656,26141968161.0924,27683225959.2468,32482070360.3204,43170990616.4729,52194221468.5007,45162894380.9318,41819468691.8251,49258136128.9672,43309252921.0567,48394239474.6762,47062206677.6539,39655958842.5478,40692643373.0327,44179055279.8887,50640650221.4622,51514222381.8428,53356480453.8048,63082047649.8528
RUS,Russia,RUB,144478050,Moscow,Europe,17100000.0,,,,,,,,,,,,,,,,,,,,,,,,,,,,,554713455149.502,506500173960.269,516814274021.956,517962962962.963,460290556900.726,435083713850.837,395077301248.464,395537185734.854,391724890744.498,404928954191.876,270955486862.442,195907128350.934,259710142196.943,306602070620.5,345470494417.863,430347770731.787,591016690742.798,764017107992.391,989930542278.695,1299705764823.62,1660846387624.78,1222644282201.86,1524917468442.01,2045925608274.37,2208295773643.15,2292473246621.08,2059241965490.83,1363481063446.77,1276786979221.81,1574199387070.9,1657329646183.62,1693113904262.89,1489362488439.76,1778782625793.74
RWA,Rwanda,RWF,12301939,Kigali,Africa,26338.0,119000024.0,122000016.0,125000008.0,128000000.0,129999994.0,148799980.0,124525702.857143,159560018.0,172200018.0,188700037.0,219900006.0,222952578.196381,246457838.336681,290746157.145921,308458423.183854,571863295.740122,637754162.101094,746650558.55469,905709147.27019,1109346220.52885,1254765349.93185,1407062607.63214,1407242640.23211,1479688125.8852,1587412957.22263,1715625839.17973,1944711061.30888,2157434025.16467,2395493877.51365,2405021932.89997,2550185618.14774,1911600969.76612,2029026704.02707,1971525998.87685,753636370.454545,1293535010.94467,1382334879.40812,1851558301.7002,1989343495.21844,2155707325.1365,2067579822.43604,1965500949.34016,1964832511.92978,2137156726.89736,2375376873.10914,2932340855.31852,3318107347.2799,4068224991.08702,5177230923.28829,5671592572.19972,6121529488.49049,6881379761.83833,7650671476.94976,7815975293.67372,8234762201.03869,8539424910.07969,8690878327.95492,9252834120.39358,9642440645.81148,10356327149.4262,10184345442.1708,11070356519.4804
SAU,Saudi Arabia,SAR,33699947,Riyadh,Asia,1960582.0,,,,,,,,,4187777711.11111,4485777644.44444,5377268848.44444,7184863276.49996,9664067929.69504,14947491056.4938,45412971909.8592,46773303721.2872,64005623869.6884,74188363504.5814,80265732292.0344,111859726428.231,164541658298.013,184291888768.662,153238991867.452,129171602026.049,119624918955.732,103897892810.602,86962013011.0721,85695941759.6796,88256162069.4259,95344352822.4299,117630271802.403,132223268491.322,137087876662.216,132967901415.22,135174886488.652,143343036341.789,158662398744.993,165963557409.88,146775498080.0,161716960000.0,189514926213.333,184137469733.333,189605920240.0,215807655253.333,258742263040.0,328459700114.755,376900135727.637,415964583055.37,519796738640.0,429097899280.0,528207332649.536,671238840108.229,735974843348.664,746647127407.619,756350347320.381,654269739552.019,644935682011.475,688586094412.68,816578674529.141,803616264791.024,703367841222.555,833541236569.315
SLB,Solomon Islands,SBD,652858,Honiara,Oceania,28450.0,,,,,,,,25203524.0325638,28084252.7582748,28606411.398041,,50056882.8213879,40606712.050639,55272108.8435374,84539332.282562,74617096.4785967,83099107.9066357,93147039.2548237,111022089.96223,151270207.852194,182852054.18211,193750476.462092,192901942.941136,181220349.801554,181570454.320107,165524980.920416,147620047.544946,155128568.049167,176494422.137054,172882435.805604,214877638.378336,227536282.599086,269034595.812985,300749474.542774,402831864.859938,469443201.503274,510580417.227456,526559955.87721,457584496.220616,488028750.955954,419845231.77897,409507389.162562,346405301.683262,417671431.806979,468008069.795717,552862587.816571,617254747.35528,695295347.621537,776339395.190955,805561762.880199,898133796.267592,1063889652.2843,1185215901.67501,1285917749.68845,1335579569.64462,1307908069.79418,1379482146.90119,1469787255.62289,1615479408.99088,1619154819.29185,1536148245.54995,1631486531.92364
SYC,Seychelles,SCR,96762,Victoria,Africa,455.0,12012012.012012,11592011.5920116,12642026.5718964,13923029.2643975,15393032.3541529,15603032.7955465,16443034.5611211,16632032.8140183,16074027.3496039,16452027.9927637,18432031.3616959,21965951.7213048,30645121.0129499,36896278.2235629,43134498.6929657,47803145.9560303,49278979.5471457,64526398.6585361,85552369.914184,127261099.24396,147357222.779802,154902869.02139,147912069.76575,146712850.509248,151313241.982492,168887539.130818,207850623.637094,249267039.782675,283828769.029925,304832867.393246,368584758.942457,374359556.084926,433667193.814795,473916819.453826,486451204.557142,508221508.221508,503068472.20266,562958836.519905,608369282.225727,622985493.682733,614879764.780006,622262057.191635,697518248.175182,705704816.042365,839319927.272727,919103254.545455,1016418229.25159,1033561654.0568,967199593.960157,847397850.094417,969936525.298729,1065826669.89742,1059498883.53765,1328091522.02218,1387581391.70001,1416001321.92671,1490228318.73024,1573433080.78958,1636312009.83387,1684373490.19831,1261198524.11092,1454458183.85981
SDN,Sudan,SDG,41801533,Khartoum,Africa,1861484.0,1307333333.33333,1419333333.33333,1541666666.66667,1568333333.33333,1611333333.33333,1679333333.33333,1723000000.0,1865666666.66667,1947333333.33333,2144333333.33333,2437666666.66667,2656000000.0,2882000000.0,3571666666.66667,4595000000.0,5598000000.0,6979333333.33333,8704000000.0,7670500000.0,9032250000.0,8951800000.0,10016500000.0,8316000000.0,8230153846.15385,10447615384.6154,8089391304.34783,10092200000.0,12093333333.3333,14372555555.5556,21408111111.1111,33641222222.2222,43891285714.2857,7034219712.52567,8881785938.48085,12794192334.2541,13829744878.6366,9018243044.45155,11681494637.3041,11250327988.0478,10682045258.3647,12257418326.0734,15716489369.9266,18136839087.0077,21355576672.542,26645490675.0417,35182105414.3919,45264519502.6479,59440139774.8128,64831935604.2484,58316191440.365,74151186600.1735,78403418360.459,63195499524.2094,66026600235.4524,76818327441.6497,84985132167.2171,102943741648.824,129717804934.614,32333780383.2924,32338079165.2893,27034593750.0,34326058557.4418
SWE,Sweden,SEK,10183175,Stockholm,Europe,449964.0,15822585033.5764,17212686614.5726,18667251380.0746,20204870629.7441,22532416750.0125,24795499685.775,26971486546.2848,29275995674.6888,31066819929.2853,33738102482.1558,38092452060.6201,41566412922.6087,48954145808.8359,59404966684.2214,66013338964.725,82885397620.5385,89362071672.9034,94468740851.4816,104442351222.751,123386410160.715,142092068280.689,129686938223.328,114380557730.876,105014356666.797,109201362581.3,114123537581.794,150498057723.623,183009638350.893,206986674500.588,217948315624.564,261846194498.885,274229034311.699,284321115594.629,212953336588.123,229033566614.826,267305875261.099,291743811512.079,268146144677.73,270809066780.714,274072182416.731,262835454366.855,242395852494.409,266849061835.659,334337212322.076,385118044877.465,392218088878.779,423093437423.762,491252589217.021,517706149201.196,436537014293.554,495812558843.31,574094112972.733,552483727282.802,586841821796.891,581964017237.095,505103781349.757,515654671469.547,541018749769.097,555455371487.089,533879529188.454,547054174235.876,635663801201.765
SGP,Singapore,SGD,5638676,Singapore,Asia,692.7,704756304.717104,764634783.744937,826244609.95688,917614007.578727,894159153.273226,974650463.870378,1096432771.46217,1238043904.35123,1425715405.72325,1659904612.57023,1920586698.02692,2263785443.61688,2721440980.75851,3696213333.33333,5221534955.64418,5633673929.99302,6327077974.10703,6618585073.66035,7517176354.84135,9296921723.83465,11896256782.8566,14175228843.6391,16084252378.473,17784112149.5327,19749361097.965,19156532745.7691,18586746056.9974,20919215578.2125,25371462488.1292,30465364738.6206,36144336768.7023,45466164978.2923,52130263965.6231,60603478153.2368,73690847191.3055,87810991957.1046,96295886524.8227,100124191810.345,85728310229.4455,86284660766.9617,96074477958.2367,89794943349.8912,92537752708.5893,97645448283.7791,115035498757.543,127807618360.971,148630373214.173,180941941477.009,193611986712.842,194152286008.938,239809387605.427,279351168707.267,295087220933.024,307576360584.992,314851156183.411,308004146057.608,318832428519.725,343193352161.634,376998146500.593,375472731271.075,345295933898.674,396986899888.351
SVN,Slovenia,EUR,2067372,Ljubljana,Europe,20273.0,,,,,,,,,,,,,,,,,,,,,,,,,,,,,,,,,,,,21352224019.4096,21507232648.7252,20763101740.6963,22146231967.6861,22711384311.1404,20289627636.6767,20876309970.385,23489890274.3142,29634713641.0968,34414784504.2352,36206395970.6504,39481045038.2637,48067401207.3978,55779427739.6609,50567734885.9613,48208240226.4501,51583869785.1849,46577793184.0031,48415657264.8758,49997186439.0916,43107506024.3254,44766722790.5826,48589100043.0954,54177882425.8431,54331588482.3058,53706800043.6842,61748586534.8672
SVK,Slovakia,EUR,5447011,Bratislava,Europe,48845.0,,,,,,,,,,,,,,,,,,,,,,,,,,,,,,,12747380650.0762,14272201755.4704,15495514296.8042,16520676973.5301,20162936291.375,25840146405.2288,27925036755.3866,27706028095.6157,29856000671.216,30463670123.5931,29242558796.5507,30778781606.9575,35297794385.6863,46919965224.1497,57437444469.087,62808723476.719,70767338922.4411,86563986799.2505,100879902984.983,89399303222.155,91162836320.3502,99922685424.8835,94623731085.6106,98935222174.8603,101437045019.901,88900883130.8374,89952699524.894,95649966260.9802,106137924015.593,105720354988.541,106696828625.55,116527101097.7
SLE,Sierra Leone,SLL,7650154,Freetown,Africa,71740.0,322009471.56704,327834680.557103,342721579.817636,348546952.134368,371848114.747956,359379856.248057,375479849.80806,348795303.000385,329860091.944037,408690163.476065,434410373.764149,419549425.077086,465381089.98454,575230234.387058,648590642.939888,679335901.117451,594895672.333848,691777758.395115,960728338.93643,1109374722.08294,1100685844.92284,1114830471.91787,1295361885.92419,995104305.347075,1087471861.98928,856890498.625834,490181456.62441,701307602.28443,1055083945.37738,932974411.917142,649644826.800447,779981458.921489,679997997.597117,768812334.801762,911915970.683484,870758739.40678,941742152.709895,850218033.622007,672375927.347148,669384768.87263,635874002.198748,1090467712.30773,1253340519.53311,1385810072.19217,1448536630.88143,1650494366.99875,1885112201.85278,2158496872.85796,2505458705.03338,2453899846.88317,2578026297.15912,2942546781.04548,3801862611.36414,4920343194.99339,5015157815.73406,4218723875.1379,3674794530.18956,3719369107.34992,4085114794.22324,4076578542.56207,4063289449.58795,4042237864.28942
SMR,San Marino,EUR,33785,San Marino,Europe,61.2,,,,,,,,,,,,,,,,,,,,,,,,,,,,,,,,,,,,,,,,1109098657.57511,1005159388.24397,1077413479.05282,1168269230.76923,1464326160.8154,1723750000.0,1785847531.40157,1908167105.75837,2185874623.59704,2393437820.41892,2056126701.86163,1881214370.93994,1813752783.96437,1604779647.95066,1678841811.66158,1673973694.69908,1419394771.21029,1468377272.13859,1528630707.49794,1655300872.53427,1616188702.34405,1541204337.79164,
SEN,Senegal,XOF,15854360,Dakar,Africa,196190.0,1003692374.56213,1058975265.60578,1085475573.50828,1122139637.2651,1188930567.7084,1210058396.05584,1246908373.75203,1246480958.52495,1309384830.18783,1245234806.88997,1297407828.6025,1339548823.65225,1620857277.17917,1863398448.33218,2099324949.86596,2830388404.8977,2869777812.39211,2938046307.24476,3280354339.37247,4084878667.84567,4510107330.09718,4095892072.13739,4013950868.56217,3569356462.13517,3485165160.52964,3818944603.04988,5392093507.79181,6487352282.55061,6418419798.07163,6366039352.58111,7390967034.66625,7255210700.97896,7769817869.31065,7367985694.79161,5034588159.28612,6326342962.93447,6559712550.65952,6041478436.08043,6505607633.36937,6592835457.6876,6013184809.23898,6507824767.06303,7006402592.45463,8768721956.33228,10076817278.1025,11009032665.3876,11697918802.7922,13994218939.2431,16853991176.9058,16145868284.5645,16121314670.9653,17814284622.1718,17660871725.9977,18918668644.1941,19797254643.1212,17774766636.0459,19040312815.1337,20996564751.5994,23116897847.0474,23398811423.578,24493157583.2282,27625388352.1688
SOM,Somalia,SOS,15008154,Mogadishu,Africa,637657.0,180459936.776025,191659914.376034,203531927.547229,216145935.941626,229529912.668035,243724533.172801,257374455.753265,271780364.837811,286718279.690322,306357284.571429,322600009.142857,331102742.193418,416942436.927838,507028428.241662,467577432.247816,710850226.528991,807275808.737093,498550873.043478,564986059.668508,590419855.11811,603592656.822209,699112266.835764,774419569.699066,733901365.935354,788307213.438235,876404617.656501,930318705.301335,1009792724.42175,1038291284.49695,1092392963.1951,917044228.00846,,,,,,,,,,,,,,,,,,,,,,,4577000000.0,5024999991.72061,5335000000.0,5534000000.0,5609000000.0,5856000006.22196,6485000000.0,6883000000.0,7628000011.46184
SUR,Suriname,SRD,575991,Paramaribo,South America,163270.0,99650000.0,107700000.0,116150000.0,125950000.0,134400000.0,154150000.0,190350000.0,220700000.0,241350000.0,259650000.0,274900000.0,301000000.0,311950000.0,339450000.0,409850000.0,465500000.0,505500000.0,641500000.0,735500000.0,782500000.0,795000000.0,889000000.0,915000000.0,883500000.0,864000000.0,873000000.0,891000000.0,980000000.0,1161000000.0,542600000.0,388400000.0,448100000.0,404600000.0,428764705.882353,605492537.313433,691590497.737557,861411471.321696,926422500.0,1110850000.0,886290697.674419,947671969.69697,834279357.798165,1093574468.08511,1274190311.41869,1484092538.40527,1793388732.29125,2626380435.17877,2936612021.85792,3532969034.60838,3875409836.06557,4368398047.64333,4422276621.78703,4980000000.0,5145757575.75758,5240606060.60606,5126188134.7499,3317437626.43291,3591660723.58668,3996204757.11893,4016040575.08796,2911807496.20227,2984706243.65482
SSD,South Sudan,SSP,8260490,Juba,Africa,644329.0,,,,,,,,,,,,,,,,,,,,,,,,,,,,,,,,,,,,,,,,,,,,,,,,,14586253383.0632,12231264525.0671,14602072410.9506,14907308932.7534,11931472169.4915,18426469016.9492,13962212847.4576,11997800760.2242,,,,,,
STP,Sao Tome and Principe,STN,197700,Sao Tome,Africa,1001.0,,,,,,,,,,,,,,,,,,,,,,,,,,,,,,,,,,,,,,,,,,75951210.6852445,85171308.1654435,102085583.465275,114582561.627097,136450274.673234,142775597.255916,149146423.083742,188021190.592847,187820464.571058,196652514.267255,231489270.144529,250680845.747837,300554483.611626,346528329.183227,316066072.343754,345495614.979982,375614126.193877,412253809.728799,427425039.684339,472551022.513384,526653790.670814
SLV,El Salvador,USD,6420744,San Salvador,North America,21040.0,,,,,,877720000.0,929520000.0,976200000.0,1009760100.0,1049400000.0,1132920000.0,1186120000.0,1263720000.0,1442320000.0,1665880000.0,1884120100.0,2328280100.0,2941640100.0,3127960000.0,3463639900.0,3573959900.0,3437200200.0,3399189100.0,3506347800.0,3661683400.0,3800368600.0,3771663200.0,3958045800.0,4189880000.0,4372215300.0,4817542204.0,5252342400.0,5813399300.0,6680269200.0,7679384000.0,8921947100.0,9586327800.0,10221705900.0,10936669900.0,11284197000.0,11784927700.0,12282533600.0,12664190300.0,13243892200.0,13724810900.0,14698000000.0,15999890000.0,17011750000.0,17986890000.0,17601620000.0,18447920000.0,20283780000.0,21386150000.0,21990960000.0,22593470000.0,23438240000.0,24191430000.0,24979190000.0,26020850000.0,26881140000.0,24563020000.0,28736940000.0
SXM,Sint Maarten,ANG,40654,Philipsburg,North America,21.0,,,,,,,,,,,,,,,,,,,,,,,,,,,,,,,,,,,,,,,,,,,,,,,,,,,,936089385.47486,985865921.787709,1022905027.93296,1245251396.64804,1253072625.69832,1263687150.83799,1191620111.73184,1185474860.3352,,,
SYR,Syria,SYP,16906283,Damascus,Asia,185180.0,857704413.407821,945244972.067039,1110565880.75881,1200447408.37696,1339494267.01571,1329842434.55497,1321204502.6178,1443717801.04712,1562303429.31937,1796596910.99476,1780104712.04188,2097643979.05759,2415706806.28272,2579219250.63755,4244670160.29051,5566756756.75676,6417632802.89182,6882292993.63057,8251974522.29299,9929681528.66242,13062420382.1656,16758471337.5796,17525605095.5414,18672866242.0382,19195414012.7389,21203821656.051,25460636942.6752,32538089171.9745,16574342984.4098,18609532293.9866,23904498886.4143,27756258351.8931,33107349665.9243,36860133630.2895,45086948775.0557,50866369710.4677,61546280623.608,66420400890.8686,70418173719.3764,72970334075.7238,80590022271.7149,86771314031.1804,90558485523.3853,95693808463.2517,112863340757.238,134203830734.967,153799910913.14,180030111358.575,218089977728.285,224561692650.334,252518218262.806,67539427670.9958,43190317724.7088,21361254647.9904,21502061462.2122,16468399180.3822,12598742886.9368,16369724433.2751,21351730539.3113,22443299775.342,11079795397.2805,
SWZ,Eswatini,SZL,1136191,Mbabane,Africa,17363.0,35076158.4768305,43025199.4960101,45927061.4587708,54128377.4324513,64979280.4143917,70278594.4281114,76858462.8307434,74758504.8299034,79798404.0319194,105417891.642167,112137757.244855,136465324.384787,146741251.46351,221902017.291066,264311994.113319,288302907.369844,272539098.436063,304047838.086477,340616375.344986,412093133.760988,542000513.610683,570761166.818596,537575980.843618,555336145.767884,494475699.857656,360075380.266523,449146608.315098,584135559.921414,692016714.317132,696915430.663057,1114703088.1614,1156141998.33412,1284766234.2216,1357206995.74624,1419293454.99606,1698982437.76019,1602760100.48147,1716699913.19444,1576904292.4588,1547884442.26205,1738100853.05052,1542477308.89408,1432228125.26682,2197612701.09852,2770082791.50412,3178126491.90949,3291353835.93,3469363996.36642,3294093485.20796,3580417066.92472,4438778424.30203,4820499924.2539,4886533032.88672,4597532029.70451,4422968339.67584,4063245671.29285,3816022046.82656,4402969225.92165,4665237415.12526,4495264160.86577,3982226055.38454,4743335152.94181
TCA,Turks and Caicos Islands,USD,37665,Cockburn Town,North America,430.0,,,,,,,,,,,,,,,,,,,,,,,,,,,,,,,,,,,,,,,,,,358744800.0,366707900.0,409753600.0,485598800.0,578645800.0,721891500.0,773489700.0,862683600.0,703175800.0,686787800.0,728789600.0,727161000.0,754238000.0,841070000.0,942070000.0,1032452000.0,1022365000.0,1113178000.0,1197415000.0,924583000.0,943269800.0
TCD,Chad,XAF,15477751,N'Djamena,Africa,1284000.0,313582729.426485,333975338.83416,357635713.871813,371767002.650081,392247517.600415,416926302.959596,432794922.455607,449826322.997449,453980096.648819,471635620.926608,469266736.599744,501866730.713995,585427545.729752,647199482.837353,652532796.060739,864602103.307992,866044961.037694,935360466.338452,1113920122.63186,1004316495.12298,1033002401.84844,876937559.726006,834369860.424753,832415805.966375,919103735.318714,1033069709.99875,1067828247.24964,1163426850.65596,1482597298.88419,1433686309.82699,1738605558.08241,1877138041.64308,1881847676.80752,1463251055.40068,1179837954.72193,1445919969.89272,1607345450.04578,1544689502.82472,1744794457.276,1534673583.2487,1388506726.62093,1710843360.64955,1997005786.54118,2742815194.54993,4422855929.21428,6649307057.03314,7428701809.40597,8650138068.63161,10393834720.852,9290728773.35723,10668102734.8132,12172309522.6171,12367363677.6199,12953535495.8781,13940768065.6063,10950392219.9104,10097778353.7651,10000395242.1457,11239167048.4916,11314951342.7807,10715396135.4168,11779980801.7843
TGO,Togo,XOF,7889094,Lome,Africa,56785.0,121128073.114022,126396469.707058,132237441.630863,143255784.510751,166104067.630043,187300336.365369,216136263.912497,231706475.464114,241956910.658103,267732446.378413,253976626.166639,286537524.990331,335677636.893737,406479906.159652,560437742.594972,617321669.390877,619375134.18051,777435020.475847,824263841.539264,891775906.631014,1136408814.19692,962347000.991788,821651918.724626,765746590.616849,718148959.610872,762359722.701402,1060911735.26065,1249099130.02277,1378847487.41137,1352949662.75172,1628427515.41881,1602299862.9243,1692959110.18022,1233496846.33493,982624324.505898,1309382885.33029,1465448290.34132,1498950899.08774,1587345950.9743,1576672791.65481,1491891107.95711,1482437752.05739,1706698099.44513,2115836353.1204,2259992642.29014,2281482855.46518,2351584608.41123,2662612348.44099,3323677130.04484,3379258564.97242,3429461495.41335,3872459249.74631,3873308389.30006,4321655656.33177,4574986536.90791,4180866177.03946,6031632168.17391,6395472574.41445,7112200725.00232,7220395247.7424,7574636978.66175,8413200567.6151
THA,Thailand,THB,69428524,Bangkok,Asia,514000.0,2760747471.88624,3034043574.06071,3308912796.93487,3540403456.55305,3889129942.30769,4388937649.03846,5279230817.30769,5638461442.30769,6081009427.88461,6695336567.30769,7086538437.5,7375000024.03846,8177884552.88461,10838587357.7466,13703000530.0587,14882747955.0328,16985211146.0238,19779315170.0237,24006570178.1561,27371699082.7126,32353440726.8856,34846107862.3673,36589797857.4006,40042826244.2337,41797592963.4424,38900692712.1496,43096746122.4614,50535438696.4094,61667199834.7428,72250877410.3183,85343063965.9182,98234695722.0341,111452869378.467,128889318946.587,146683499005.964,169278753531.98,183035114648.4,150180619366.605,113675561057.462,126669064386.717,126392233706.79,120296476180.402,134300851255.002,152280677649.055,172895749632.046,189318549680.384,221758196504.936,262942476722.425,291382991177.698,281710416557.292,341104820155.464,370819140946.553,397558222957.17,420333203150.426,407339454060.678,401296437424.995,413366150655.591,456356961443.497,506754616189.315,544081056184.697,499681757030.968,505947037098.424
TJK,Tajikistan,TJS,9100837,Dushanbe,Asia,143100.0,,,,,,,,,,,,,,,,,,,,,,,,,,,,,,,2631768953.06859,1352000000.0,2156666666.66667,1644325581.39535,1518796992.4812,1231040564.3739,1043654822.33503,921572114.529611,1320242080.86531,1086605267.40992,860521119.298753,1080768906.5003,1221120798.81336,1555301496.04756,2076182460.86517,2312327536.41789,2830220713.07301,3719506172.83951,5161337336.40365,4979481980.35098,5642178579.58438,6522732202.50748,7633049792.09321,8448469837.53831,9112544556.05962,8271454300.59548,6992393787.40891,7536439875.08334,7765014424.33779,8300784856.87904,8133996647.90397,8746270636.40142
TLS,Timor-Leste,USD,1267972,Dili,Oceania,15007.0,,,,,,,,,,,,,,,,,,,,,,,,,,,,,,,,,,,,,,,,,367087900.0,477443500.0,469506692.623875,490439064.433005,440764572.139052,462283556.702666,453805097.349666,542795446.507391,648492745.886205,726882390.157771,881827794.874257,1042411479.45348,1160389550.88373,1395519568.13766,1447310448.58225,1594447630.7963,1650619369.51891,1595724260.7075,1563887943.80061,2028551627.60532,2158392539.93697,3621222382.15929
TKM,Turkmenistan,TMT,5850908,Ashgabat,Asia,488100.0,,,,,,,,,,,,,,,,,,,,,,,,,,,,2336448598.13084,3010033444.81605,3007518796.99248,3188097768.33156,3208098919.0146,3200539816.0601,3179225948.58114,2561118608.35516,2482228439.71407,2378759975.44506,2450349634.47436,2605688065.08338,2450564467.58315,2904662604.82053,3534803921.56863,4461978498.86577,5977560877.44013,6838351088.46688,8103901996.37024,10276674364.8961,12664165103.1895,19271523178.8079,20214385964.9123,22583157894.7368,29233333333.3333,35164210526.3158,39197543859.6491,43524210526.3158,35799714285.7143,36169428571.4286,37926285714.2857,40765428571.4286,45231428571.4286,,
TUN,Tunisia,TND,11565204,Tunis,Africa,163610.0,,,,,,991047619.047619,1040952380.95238,1085714285.71429,1214666666.66667,1289904761.90476,1439238095.2381,1685217058.71103,2237476420.03773,2730787476.28084,3545933562.42841,4328610489.68432,4507929104.47761,5109324009.32401,5968044209.51466,7188191881.91882,8744134354.16152,8428513568.24625,8133401049.60217,8350176782.55746,8254891864.05767,8410185739.96405,9018136020.15113,9696271268.25148,10096292842.1543,10102075213.3151,12290568181.8182,13074782608.6957,15497286295.7938,14608946896.483,15632463424.2784,18030876599.3444,19587322786.1105,20746360430.4187,21803372266.6198,22943685719.103,21473261837.0176,22066031834.2948,23142153759.5836,27453007372.9142,31183059012.4448,32273007553.5687,34377310293.0128,38914078351.8027,44860969077.1853,43454935940.1614,46206091937.9628,48122744708.0551,47311159485.2423,48684187850.0646,50271072627.6727,45780077487.7651,44360754189.9441,42163966272.6296,42685972269.4473,41906113685.9324,42537832456.2651,46686741814.278
TON,Tonga,TOP,103197,Nuku'alofa,Oceania,748.0,,,,,,,,,,,,,,,,32506741.7201204,30036416.9619944,34139387.8908849,41567471.6721987,44667002.0120724,53260077.4311091,62242013.3302689,62068161.0711025,60863963.963964,64248354.5414656,60058663.3144773,68195855.6149733,81667133.4546982,106657267.367342,106344854.986095,113563821.577404,132201141.446861,137066290.550071,138489884.393064,195990986.21421,208871665.748682,222100576.345483,214991452.314998,191504892.761394,199214633.22171,204849612.592276,181116952.7897,182763693.916873,202246959.690276,230657965.488586,261797606.149719,292232117.078998,298513956.159185,344428609.006734,312377379.297118,366840012.442325,414523388.461329,470714083.426751,450643615.180528,439878828.008608,437006227.162781,420540178.571429,460379144.989821,488903272.859878,512057749.020644,484806718.323882,469231309.539488
TUR,Turkey,TRY,82319724,Ankara,Asia,780580.0,13983572895.2772,7988888888.88889,8922222222.22222,10355555555.5556,11177777777.7778,11966666666.6667,14100000000.0,15644444444.4444,17500000000.0,19466666666.6667,17086956521.7391,16275167785.2349,20359154929.5775,25633802816.9014,35669064748.2014,44763888888.8889,51130434782.6087,58683333333.3333,65098765432.0988,89327974276.5273,68823684210.5263,71040020140.4436,64546332580.7583,61678280115.4987,59989909457.8379,67234948264.5987,75728009962.7878,87172789528.3316,90852814004.9917,107143348667.094,150676291094.21,150027833333.333,158459130434.783,180169736363.636,130690172297.297,169485941048.035,181475555282.555,189834649111.257,275967393939.394,256385525071.633,274302959053.103,201751148417.102,240253216295.117,314592428076.487,408876042651.701,506308311476.63,557057829051.453,681337335021.874,770462156204.38,649272568774.193,776992599946.766,838762755164.179,880556375779.51,957783020853.031,938952628604.067,864316670330.882,869692960365.551,858996263095.858,778471900960.981,759937390496.669,720289368333.191,819035182929.585
TTO,Trinidad and Tobago,TTD,1389858,Port of Spain,North America,5128.0,535670127.748935,584961208.656595,619319197.340022,678235373.038558,711893367.55527,736568861.926151,723735635.536371,761981474.023359,758899950.0,779200000.0,821850000.0,896754316.674262,1083381044.08473,1308799458.96284,2042031901.42217,2442667573.04821,2500410583.79177,3138666666.66667,3562333458.33333,4602416625.0,6235833333.33333,6992083333.33333,8140416666.66667,7763750000.0,7757083333.33333,7375918367.34694,4794444444.44444,4797777777.77778,4496852073.46896,4323058823.52941,5068000000.0,5307905882.35294,5439552941.17647,4669488516.37981,4947205860.01451,5329214163.22001,5759537726.26601,5737751331.63779,6043694330.21609,6808982520.75759,8154338232.95978,8824873259.32105,9008273720.93395,11305459802.0683,13280275123.0354,15982282462.3786,18369361094.3886,21641620049.9352,27871587349.5413,19172165225.5015,22157948396.2042,25433011405.3017,27121712423.4327,28557451143.4319,29489012807.1382,26851970253.811,23496215885.0766,23797686965.7886,24322359034.7096,23849557811.8957,21059428851.4883,24460196270.6866
TUV,Tuvalu,AUD,11508,Funafuti,Oceania,26.0,,,,,,,,,,,,,,,,,,,,,,,,,,,,,,,8824447.74022325,9365165.91369372,9742949.47121034,9630762.95389637,10886825.5592923,11025945.1445515,12334846.2320995,12700905.4475286,12757632.8684508,13687141.1058778,15074211.5027829,13965035.6884245,16842334.0215147,19456514.6896686,22797470.2162083,22909507.4455899,24096385.5421687,28449502.1337127,31873846.6700218,28076743.0978007,32104201.0640249,39195461.5781331,39345620.2112239,38617493.7246573,38759689.9224806,36811659.5297123,41629497.4724948,45217657.8786021,47818290.4961148,54223149.1136601,55054710.6186773,63100961.5384615
TZA,Tanzania,TZS,56318348,Dodoma,Africa,945087.0,,,,,,,,,,,,,,,,,,,,,,,,,,,,,5100405772.46327,4420168102.39306,4258743262.82876,4956588278.56144,4601413263.52894,4257702196.53864,4510846967.8742,5255221424.80962,6496195450.61034,7683852496.84499,12270448700.1994,12711213451.034,13375976353.6994,13581644245.7352,14142035080.2849,15224257698.482,16675948414.7573,18399046025.2688,18649590248.2626,21843529024.9154,27961527622.7154,29081826158.6787,32014247547.5146,34657141720.6759,39650522645.9811,45680532613.7591,49964825081.1078,47378603783.6471,49774004999.2038,53320647489.1365,57003685911.9411,61136873692.3985,62409709110.9538,67841049193.3855
UKR,Ukraine,UAH,44622516,Kyiv,Europe,603700.0,,,,,,,,,,,,,,,,,,,,,,,,,,,,64087694038.2333,74703517902.6642,82709161099.1244,81393558423.4406,77350733982.4458,73945908383.7046,65607522123.8938,52543387167.1759,48214751923.5872,44558075977.0429,50150400171.8859,41883241477.8526,31580960681.7742,32375280320.5765,39309580983.2282,43956369917.0202,52010238715.8475,67220154164.3166,89239370109.4698,111884752475.248,148733861386.139,188111140643.985,121552777492.556,141209864408.488,169333048847.834,182592416468.527,190498811460.028,133503411375.739,91030959454.6961,93355993628.5042,112090530368.543,130891049796.879,153882982016.281,156617861448.576,200085537744.354
UGA,Uganda,UGX,42723139,Kampala,Africa,236040.0,423008385.744235,441524109.014675,449012578.616352,516147798.742138,589056603.773585,884873949.579832,925770308.123249,967647058.823529,1037815126.05042,1169047619.04762,1260084033.61345,1417787114.84594,1491596638.65546,1702521008.40336,2100142653.35235,2359555555.55556,2447300000.0,2936470588.23529,2420260869.56522,2139025000.0,1244610000.0,1337300000.0,2177500000.0,2240333333.33333,3615647477.05434,3519666338.52454,3923232122.12784,6269511614.66235,6508931651.66667,5276480985.99937,4304398865.88268,3321729057.12215,2857457860.05088,3220439044.18949,3990430446.71216,5755818947.42125,6044585326.938,6269333313.17108,6584815846.52754,5998563257.94659,6193246837.09687,5840503868.57246,6178563590.89254,6606884390.78019,7939487473.86318,9239221858.55839,9977647644.69953,11902564401.3238,14440404021.4881,25127805566.4511,26673441667.2815,27871725205.5714,27305915761.2918,28915786996.5518,32612397758.4579,32387183844.6699,29203988814.8973,30744473911.5312,32927025573.4296,35353060634.2022,37600368180.9399,40529789025.5702
USA,United States,USD,327167434,Washington,North America,9629091.0,543300000000.0,563300000000.0,605100000000.0,638600000000.0,685800000000.0,743700000000.0,815000000000.0,861700000000.0,942500000000.0,1019900000000.0,1073303000000.0,1164850000000.0,1279110000000.0,1425376000000.0,1545243000000.0,1684904000000.0,1873412000000.0,2081826000000.0,2351599000000.0,2627333000000.0,2857307000000.0,3207041000000.0,3343789000000.0,3634038000000.0,4037613000000.0,4338979000000.0,4579631000000.0,4855215000000.0,5236438000000.0,5641580000000.0,5963144000000.0,6158129000000.0,6520327000000.0,6858559000000.0,7287236000000.0,7639749000000.0,8073122000000.0,8577554457000.0,9062818202000.0,9631174489000.0,10250947997000.0,10581929774000.0,10929112955000.0,11456442041000.0,12217193198000.0,13039199193000.0,13815586948000.0,14474226905000.0,14769857911000.0,14478064934000.0,15048964444000.0,15599728123000.0,16253972230000.0,16843190993000.0,17550680174000.0,18206020741000.0,18695110842000.0,19477336549000.0,20533057312000.0,21380976119000.0,21060473613000.0,23315080560000.0
URY,Uruguay,UYU,3449299,Montevideo,South America,176220.0,1242289239.20493,1547388781.43133,1710004407.22785,1539681490.78174,1975701816.46615,1890769326.14221,1809183974.52669,1597721080.00991,1593675330.16467,2004435483.87097,2137096774.19355,2807258064.51613,2189418001.37898,3964295672.52444,4090209681.97172,3538283322.07726,3667161241.48372,4114667062.64917,4910257282.93153,7181185277.98651,10163020115.7344,11048335541.4933,9178802162.6616,5102281255.99986,4850241442.17643,4732017873.38369,5880112788.40947,7367494080.40014,8213515458.51139,8438951476.06644,9298839655.23138,11205971155.2758,12878199880.9839,15002106518.4847,17474647792.3829,19297663096.5506,20515543039.2132,23969823010.4429,25385928188.7719,23983945190.6202,22823255801.8447,20898788416.6348,13606494599.4261,12045631092.5353,13686329890.1191,17362857683.8545,19579457966.0538,23410572634.3147,30366213119.2928,31660911277.0294,40284481651.9021,47962439303.7247,51264390116.4909,57531233350.9101,57236013086.1223,53274304222.136,57236652490.1699,64233966861.2518,64515038268.1373,61231149880.5857,53560755046.6162,59319484710.6527
UZB,Uzbekistan,UZS,32955400,Tashkent,Asia,447400.0,,,,,,,,,,,,,,,,,,,,,,,,,,,,,,,13360607917.8773,13677622222.2222,12941297376.0933,13099013835.5111,12899156990.6156,13350468917.4115,13948892215.5689,14744603773.5849,14988971210.8383,17078465982.0282,13760513969.314,11401421329.1974,9687788512.80184,10134453435.4603,12030023547.8807,14307509838.8053,17330833852.919,22311393927.8817,29549438883.8338,33689223673.2577,49765676402.4495,60178909297.208,67517349212.0609,73180036692.3255,80845384375.1236,86196265191.6645,86138288615.1218,62081323299.0324,52633143808.1824,59907674027.4676,59894305352.8955,69238903106.1738
VCT,St Vincent and Grenadines,XCD,110211,Kingstown,North America,389.0,13066557.7786852,13999883.3343055,14524878.959342,13708219.0981742,14758210.3482471,15108207.4316047,16099865.8344514,15835177.9329133,15350000.0,16650000.0,18450000.0,20051648.1847182,27585488.9918284,30165373.6218865,32924215.8581726,33237164.715642,32792480.9729606,49353161.8518519,60844771.4814815,71096359.6296296,82340339.6296296,102086539.259259,113759203.333333,122255349.62963,135024987.777778,145641705.185185,160846656.666667,175580647.407407,200726712.592593,214745002.222222,240366666.666667,254829629.62963,277955555.555556,286307407.407407,289437037.037037,316007407.407407,331488888.888889,347770370.37037,373618518.518519,390718518.518519,427946037.037037,462072333.333333,487763851.851852,509090888.888889,549900185.185185,579948925.925926,643501148.148148,713596666.666667,732663259.259259,714300259.259259,720447888.888889,713796370.37037,730032592.592593,764781259.259259,770901444.444444,786554592.592593,814302259.259259,847620222.222222,884328185.185185,910149703.703704,872134555.555555,904181492.766708
VEN,Venezuela,VES,28870195,Caracas,South America,912050.0,7779090909.09091,8189090909.09091,8946969696.9697,9753333333.33333,8099318181.81818,8427777777.77778,8781333333.33333,9250000000.0,10034444444.4444,10285111111.1111,11561111111.1111,12986590909.0909,13977727272.7273,17035581395.3488,26100930232.5581,27464651162.7907,31419534883.7209,36210697674.4186,39316279069.7674,48310930232.5581,59116511627.907,66327441860.4651,67736744186.0465,67556279069.7674,60010285714.2857,61965466666.6667,60391604938.2716,48029034482.7586,60226413793.1034,43526253602.3055,48598315565.032,53476971830.9859,60401798245.614,60065011013.2159,58418666666.6667,77407726244.3439,70543211119.099,85843534588.6206,91331203433.1629,97976886247.3172,117140723529.412,122903960204.505,92893587733.6549,83620628582.1082,112453382329.615,145510008134.75,183477522123.894,230364012575.687,315953388510.678,329787628928.471,393192354510.653,316482190800.364,381286237847.667,371005379786.566,482359318767.703,,,,,,,
VGB,British Virgin Islands,USD,29802,Road Town,North America,153.0,,,,,,,,,,,,,,,,,,,,,,,,,,,,,,,,,,,,,,,,,,,,,,,,,,,,,,,,,,,,,,
VIR,U.S. Virgin Islands,USD,106977,Charlotte Amalie,North America,352.0,,,,,,,,,,,,,,,,,,,,,,,,,,,,,,,,,,,,,,,,,,,3262000000.0,3443000000.0,3797000000.0,4428000000.0,4484000000.0,4784000000.0,4244000000.0,4201000000.0,4324000000.0,4223000000.0,4089000000.0,3738000000.0,3565000000.0,3663000000.0,3798000000.0,3794000000.0,3922000000.0,4117000000.0,4204000000.0,
VNM,Vietnam,VND,95540395,Hanoi,Asia,329560.0,,,,,,,,,,,,,,,,,,,,,,,,,,14094687820.7445,26336616250.4397,36658108850.3148,25423812648.5941,6293304974.59403,6471740805.56984,9613369520.41885,9866990236.43587,13180953598.1716,16286433533.3228,20736164458.9505,24657470574.7501,26843700441.5482,27209602050.0452,28683659006.7752,31172518403.3162,32685198735.3053,35064105500.8344,39552513316.0734,45427854693.2554,57633255618.2731,66371664817.0436,77414425532.2452,99130304099.1274,106014659770.222,147201163802.554,172595034069.162,195590647205.685,213708830436.648,233451484773.974,239258340825.533,257096001564.769,281353625688.004,310106472642.968,334365257436.758,346615750664.384,366137590600.699
VUT,Vanuatu,VUV,292680,Port Vila,Oceania,12200.0,,,,,,,,,,,,,,,,,,,,119258835.335525,121185497.569261,113781795.82356,114501912.522867,117389554.191406,144482515.368336,131856420.703184,126498935.335649,139464173.547324,158351368.433149,154013202.116475,168879207.244148,201334169.054441,209088824.608438,200491853.167847,233701301.490486,249333250.082507,261370044.486614,272771209.113662,262293410.708334,268006972.690296,272014693.050806,257926881.72043,262596597.803278,314471328.071548,364996869.129618,394962552.336108,439358717.579772,516392922.513728,590748237.021657,592622502.360859,670713208.084552,770153304.153832,747839697.746593,758304466.245339,772315721.265827,730870581.672312,780889605.899977,880062103.045053,914736985.430944,936526267.622513,896879875.195008,956332655.718234
WSM,Samoa,WST,196130,Apia,Oceania,2944.0,,,,,,,,,,,,,,,,,,,,,,,121221651.619316,111862823.574979,109200934.328518,95572172.9835657,100947848.64478,111713922.141578,133016065.416065,122888609.715243,125766269.755358,125597205.422315,132303041.36253,133122897.196262,221098106.508876,224865731.381903,249908970.658971,285475591.89651,269481523.200465,255410017.996401,258856139.798489,266299591.479428,281793623.822826,333428715.810751,407749562.600602,476801793.159429,499923757.780736,573548459.833372,641346191.664776,628006115.424052,680250453.148396,744104842.087627,773157453.281182,797728653.33275,796698269.18109,824160018.151066,843929639.973983,884847176.210759,878435084.164589,912944537.815126,868904477.722589,843842416.462442
XKX,Kosovo,EUR,1845300,Pristina,Europe,10908.0,,,,,,,,,,,,,,,,,,,,,,,,,,,,,,,,,,,,,,,,,,,,,,,,,5181776768.71247,5015894692.97027,5344014317.91065,6341737193.76392,6163785172.81254,6735731172.79851,7074657898.23303,6295820481.52668,6682832632.27806,7180813375.50836,7878508502.59802,7899879086.43081,7716925356.12536,9412034299.23122
YEM,Yemen,YER,28498687,Sanaa,Asia,527970.0,,,,,,,,,,,,,,,,,,,,,,,,,,,,,,,5647119229.00763,5930370370.37037,6463649985.01648,5368270614.8468,4167356037.1517,4258788725.44991,5785685310.86668,6838557384.40357,6325141675.86989,7641102523.15082,9652436179.64605,9861560094.74009,10694628091.6726,11777966673.3897,13872791658.5487,16746344766.2044,19061978586.1278,21650532264.2322,26910851361.7555,25130274124.2525,30906749533.221,32726417878.391,35401323349.8817,40415233436.1767,43228585321.3272,42444495590.1077,31317828583.5859,26842231204.8047,21606161066.2074,,,
ZAF,South Africa,ZAR,57779622,Pretoria,Africa,1219912.0,8748596504.23581,9225996313.47639,9813996078.52345,10854195662.8805,11955995222.6234,13068994777.8911,14211394321.4111,15821393678.0875,17124793157.2752,19256992305.291,21218391521.5551,23411079378.0172,24515911652.1848,33262767310.8192,41389185875.3114,42906919870.1343,41150449966.4624,45328399963.0574,51607399957.94,63038687892.9693,89411894560.978,93141478234.6576,85904070613.6117,96204110958.8375,84870134619.0537,64459376104.0419,73354782108.5899,96535747615.4047,103976854738.412,108055603481.557,126048148263.098,135204432694.745,146956872370.266,147196639471.188,153512625915.287,171735223677.318,163236785802.34,168976663845.486,152982541794.042,151516560274.982,151753369491.916,135429607036.658,129088132201.846,197020241490.079,255806631391.551,288868489078.987,303860874149.007,333075462599.71,316132138757.081,329753048857.052,417365076968.257,458201514136.977,434400545085.811,400886013595.573,381198869776.106,346709790458.563,323585509674.481,381448814653.456,404159690890.846,388531954110.604,337619680138.494,419015018371.887
ZMB,Zambia,ZMW,17351822,Lusaka,Africa,752614.0,713000000.0,696285714.285714,693142857.142857,718714285.714286,839428571.428571,1082857142.85714,1264285714.28571,1368000000.0,1605857142.85714,1965714285.71429,1825285714.28571,1687000000.0,1910714285.71429,2268714285.71429,3121833333.33333,2618666666.66667,2746714285.71429,2483000000.0,2813375000.0,3325500000.0,3829500000.0,3872666666.66667,3994777777.77778,3216307692.30769,2739444444.44444,2281258064.51613,1661948717.94872,2269894736.84211,3713614457.83133,3998637681.15942,3285217391.30435,3378882352.94118,3181921787.7095,3273237853.35689,3656647744.24858,3807067121.8609,3597220962.00017,4303281932.29365,3537683046.02331,3404311976.54941,3600683039.73254,4094480988.11931,4193845678.17033,4901839731.26571,6221077674.77871,8331870169.14977,12756858899.2812,14056957976.2648,17910858637.9048,15328342303.9575,20265559483.8548,23459515275.5776,25503060420.026,28037239462.7142,27141023558.0829,21251216798.7762,20958412538.3093,25873601260.8353,26311590296.7021,23308667781.2258,18110631358.3114,22147634727.3584
ZWE,Zimbabwe,ZWL,14439018,Harare,Africa,390580.0,1052990400.0,1096646600.0,1117601600.0,1159511700.0,1217138000.0,1311435800.0,1281749500.0,1397002000.0,1479599900.0,1747998800.0,1884206300.0,2178716300.0,2677729400.0,3309353600.0,3982161400.0,4371300700.0,4318372000.0,4364382100.0,4351600500.0,5177459400.0,6678868200.0,8011373800.0,8539700700.0,7764067000.0,6352125900.0,5637259300.0,6217523700.0,6741215100.0,7814784100.0,8286322700.0,8783816700.0,8641481700.0,6751472200.0,6563813300.0,6890675000.0,7111270700.0,8553146600.0,8529571600.0,6401968200.0,6858013100.0,6689957600.0,6777384700.0,6342116400.0,5727591800.0,5805598400.0,5755215200.0,5443896500.0,5291950100.0,4415702800.0,9665793264.0,12041655180.0,14101920310.0,17114849880.0,19091019990.0,19495519630.0,19963120610.0,20548678070.0,17584890937.482,34156069918.0609,21832234925.5021,21509698406.1116,28371238665.5116
